10000190882490476117
10001142173098736319
1000174922466916997
10003619224685201498
10004950594688382727
10005381711679967905
1000643755405327521
10009639938003598713
10011728327050311015
10012633309419632929
10014426620707235928
10014615452242733710
10016164574320936708
10019299858097879419
10022636870213996914
10024049267700756012
10025180350972624871
10025298947188223450
10025584667890712594
1003074017915180091
10031438533348375144
10032160443218652236
10032521022127852864
10032969055075359786
1003427880824639444
1003564059108992716
10040334158330369846
10042879176027906022
10043047186429133005
1004933257461867011
10053560704069993136
10053797637426826935
10055485629191340062
10057604791182292706
10058139859993555846
10059958912073536410
10061677108708396588
10062684054867421475
10066345673507890715
10069541911757132149
10069934872440801236
10070597723607423776
10071649615140311217
10072781950026636540
10073151515836431590
10074963233822581209
10075867980050278563
10078134061899292064
10078617515483109190
10078909000897565882
10081759758879342203
10086951656469378335
10087894287776808483
10088150751904229926
10089583466558407215
10091447919003846222
1009208007479516695
10092150020180186448
10095628774625885642
10097024572444479031
1009842629473833134
10100273829623523856
10100810709520327785
10108792700210574818
10113099392784313108
10114977174156435074
1011835428429798760
10118432104485966546
1012041761563710233
1012433337001562931
10125459405081631389
10126906515751454538
10130303434836686484
10130769409636014191
10133772653948180536
10136128391585678840
10136414405440154509
10138827030626981759
10138916235250406772
10140749716828430060
10148822127847522818
10151702352441312432
10152999180507645969
10154608524841637831
10154663257596173911
1015619474282449182
10163826134294175262
10165869551624967997
10170810524076287237
10172201567164946548
10173738548452296373
10178426906540761194
10187365156076260587
10187544007312756513
10187778370695267904
10188113170740738584
10188245182717584328
10189856502339574763
10190629104920773436
1019396015422454306
10198422204424301819
10199447412696078099
1020130957987385882
10207459831221300012
10207981641780515134
10210755366154793193
10212097823144284437
10213301293365077095
10215115551899892429
10220594534321908107
10222618806438349124
10222621611499379604
10225541291436733315
10226037099837483663
10229533312456626935
10235743150957168540
1023633961827563555
10241534692141613310
10243498466056455386
102442894422265446
10246207613206360233
10248313757402455174
10249280841133140432
10249819194023662669
10251222806334789520
10252716969889275987
10254245097818148814
10254762705859722589
10257464555812476974
10260190093080083716
10261211899914660090
10266001252234200173
10274026056231281754
10275196605738985224
10276800548726137575
10281663997685531370
10281737913691732075
10281785755306328415
10283029672010059858
10284060282706513264
10286574667114596925
10287699159172806585
10288298501103968105
10289194282692630016
10292285687965050645
10292836566618671644
10292842044353591273
10301106898987016346
10307410569802856023
10307623498643033543
10308860671683892528
10312738520404343337
10313196810006776627
10315763365631724576
10318702670513629773
10322028348654958902
10322901463028906380
10325287912478917300
10325456652983858131
10329511280359130736
10331543110792725650
10333585621262818076
10334052335919161804
10335124015720706367
10336003013910719882
10337093646133657711
10342298930275439205
10342405084789590235
10342753816827464540
10347291700499413423
10348808575214684061
10351402576840389756
10352652794701563418
10354509445724821039
10354531341908499084
10359440267462511096
10361392835267931744
10365452557761584998
10366223918714663239
10369836402744093764
10370429379784298447
10374986917255625107
10379410598160614953
10381410897921206741
10381463315677890878
10384429029607810899
10384874903555205470
10386799488617993286
10388439981811722026
10389602846792675356
10390999522324049961
10395424619247597455
10396644324535709627
10397136322045447599
103975339284584283
10398295121444200675
10399730338281538148
1040218423313796931
10402501446780179862
10403699108107572764
10404931908969329522
10410342644440452348
1041097315171710228
10411185586999946812
10412304628672859326
10414256950574523919
10416177648649961755
10416542054517101297
10417094764434180585
10418165172873625516
10419312625828062514
10427189278329250055
10429304627261126356
10429780987268461554
10435297574274011290
10436959882815233233
10437815314305544276
10438098255587585200
10440092465455421031
1044046177151687366
10440561693621034155
10441117616889229321
10446001869207830629
10446002614634117198
10446187514110851067
10455639714604870206
1046161736524649755
10462722344047676110
10463295278369068081
1047554068857066677
10476264137182746724
10477875160319615407
1047871188067819512
10479712932444324014
10480034091168267943
10482673351733569182
10484933907166291961
10488278309655833194
10492357691584673215
10493093168397662133
10493826956005819662
10494265456648357292
10496491367253785015
10496626212696601499
10496667793152025636
10498734688596505087
10498921886210691576
10499708869982336228
10501340412003212054
10502994563607865723
10505697721765927623
10506170517085656488
10507250072746726887
10508939283165919161
10509893317248166373
10513976597641079832
10515424774121278125
1051917102665395358
10522934521996357102
10523885244488852798
1052691173597649839
10530698656887357690
10534472287149271423
10542094785411192754
10543042445961541171
10544163254961177384
10544308929754793967
10544699369286638918
10545465525477158768
10546083098764995352
10547241407126902841
10550578878123383747
10552086264715289063
10559902784584627559
10565321819380012269
10571866247269205972
10574552027704374399
10575227458614543441
10581222622271450837
10582392032178616751
10584594702360912293
10586579757734409679
10588505382578138742
10589188629985343644
10590503187971618572
10590806777634199420
10591435326893166529
1059367640420905345
10594904356964538069
10598657286826890125
10598756707375602304
10600208835202995244
10602135430014142472
1060288925728988292
10607158309836340344
10610034023932477089
10611324327348920395
10612661503127485084
10612810455324471349
1061489919623442419
10615835203826361879
10616045681395090788
10616910474714528591
10619841385818447542
10621773315272050557
10622804298605274401
1062618660444031441
10628314276089790658
10629381093006355820
10629523712108116842
10633485872039401280
10633974650662281280
10635887881475655098
10636712890672221404
10639137465168804836
10640579233600760876
10640866504553382607
10642899106052443585
10643108783887648432
10643342498030794977
10650021466918180733
10652216118835407400
10654288668688142776
1065969208029131205
10660470976500993398
10666433300128117357
1066767236346313822
10668358836299132830
10669965272727624109
10673749617510985848
10675213921090777143
10679037794207409500
10681144955246699899
10684426308324052754
10684632685427897707
10686163853467740469
10690501529724626189
10691677144773500118
10691895761520899678
10691932586182049513
10692424749334357665
10699957431265485818
10700555374232106227
10706468742724014262
10706838455247418353
10717790949002325297
10718602373769046850
10726371622125357655
10726551524848580115
10727474090535828137
1072957421852215289
1073109692381703639
1073514926115401001
1073852300422812545
10746462168544523673
10747727006905108579
10751849738151741160
10755592772331623067
10755803973718176622
10757651054607219080
1075881748583807748
10762181515803197812
10764763298277439634
10765496684100100844
10767944617681114571
1077307730495745622
10774104937557122595
10774499448502729725
10775929736187095198
10777449415647294926
10780626754375406393
10782597618626493670
10782786808106234292
10785262080699548588
10786368302625894795
10786949370265007178
10787237484196098660
10794641506921021617
10797124391354623369
10799869228160475117
10803501987705060615
10806514066801409014
10808283788647145677
1080859911827562037
10809625185970796507
1081015487575046997
10814061850799701705
10816417416742536392
10816650183993981456
10818217213690298826
10819236970613565934
10821445682619205439
10821763220685963468
10828691216156990658
1083391897360165879
10836269650109357609
10836949073637323277
10837030634646970626
10837526752956568551
10839707207343850576
10856588843847191250
10857949256475300262
10858006083923018177
10859420173339569725
10865853625157687474
10866943988801587640
10867253010703111570
1087004501897425540
10871730730253789782
10873815850496270445
10874100261388185883
10876183630864121021
10878215721882527611
1088392682780516067
10884124370735457903
10885659460666040293
10889469727022882393
10889924057039221183
108933163607698636
10897075243695532316
10897116070127253773
10904164063796251610
10905274024552766888
10905687782746231107
1090915287785223708
1091628059903205384
10918524729097266156
10920442264919583991
10920448885464874239
10922324524813620042
10925126559811899733
10927896338248639311
10928375529720217883
10929826060147313832
10929901102298299333
10932373668221969953
10933761736130027230
1093433175631770538
10935864034228604494
10936372883575576544
10940609878319995854
10944432255798807524
10945032757222295795
10945336055137033088
10945353180099951313
10945887248960751480
10947703619942588309
10950095369544217692
10951981620713216813
10955044891721791790
10956469699719166942
10958320188770497080
10960764601610673867
10964351119305591768
1096538712376849777
10966605344821916922
10967479802048915409
10969418204996104685
10970324855559859384
10970486950098588864
10971393235570232619
10972748191367287349
10975898557155951539
10976281793319480513
1097762190059818453
10978276206552096553
1098587622478549227
10987326811719707966
10988734401999645831
10991345497268427140
10993928217220230323
10996662358324550028
10997738698009267234
10998843319594584119
11000385418645144081
11002638910531578220
11005617670036247086
1101178674356312758
11012960984797059294
11014340797089229145
1101468998112411997
11015973882876533445
11021849206051556164
11022000783256399289
11024034557665259072
11027184187634145617
11028355809744573427
11029083690194099966
11032080700696752706
11033090850332895102
11035802156572541606
11036256308587492827
11036643975870228388
11037508329506532192
11038442721559131539
11039810975396113643
11041183231941857312
11042498532340501427
11043983568990098862
11046393225282005077
11049694401532854241
11063692494057396930
11063856247871311334
11068481139023912329
11069908000900821601
11071084393546674960
11071384557966136275
11071475120578984885
11071522468384091659
11073414798484878980
11075100908637588114
11075382855893639921
1107883359252574246
11079498153998146704
11083204589735225959
11083851004217137628
11085096447987553785
11085205683157658294
11086757256868691488
11087347941382278949
11093367367839825759
11094876227841544748
11097541667103196277
11105062144521032031
11106324563508621525
11106501030784354661
11106748339959333078
11110044178769763471
11111460748132374086
11113000786140365910
11113518282972167790
11118301129145759214
11121497795872631593
1112640358855570223
11127470606362963865
1112844291970917176
11130292488036261398
11130600936703779870
11131278979677867991
11132151827690285016
1113459532486879533
1113649145941730692
1113702446035089068
11140430034111248312
11142390195606321667
11142786557529083733
11147640264984158612
11149723281092983931
11150208429682868930
11151075985851849450
11152065474206196591
11155062447588552862
11155372805501048156
11155513859344908187
11159738462756053497
11163296237589080000
11164596351388500528
11165125192578189367
11165832185709609742
11174367040321376895
11179067958224542396
11181938248953125877
11182891542239945685
11183359486521976627
11185275454226586592
11188313241697340951
11188937308637330330
11192037356060216117
11192437546077218061
11193737299750822986
1119474509968922507
11199403895330416049
11199792967696436579
11199852942074185366
11199853365939713733
11200701881166441865
11200887012477677612
11206511407298001274
11206536485884555630
11212870391196212470
11213117862088619748
11214089686307343323
11216502389378641297
11216694359195770021
11216825274831920847
11217044717195847381
11225020242951899654
11225582717890026193
11230850385934565630
11234810377270945275
11236954308959706417
11237409449898581042
11240043868555073593
11241092726212563046
11246232396798982707
11248215683474668959
11248707112794413972
11255682738283264777
11257634579018117702
11259615027688448779
11266015986582327745
11269957965156678378
11272751910164301937
11277121843102391947
1127774239462736510
1127785532272099568
11280434663314167491
11281423417366724467
11281835104666971175
11285275930127553734
11286915873221927983
1129025679124937379
11291761082744166289
11295023221679665524
1129594293271637002
11299867110653956283
11300176904068225337
11302690866529034997
11305513896146645467
11306392235994858644
11313847774056704544
11315654009503379443
1131616391209597417
1131744828176733005
11318713190484328762
11321620559925110852
11321646584665547386
11323161258240002215
11329131039207857953
11332953980098668316
11334958842993885337
11337787904293152585
1134262754955394232
1134336885660559134
11343941284762065362
11346216361744491563
11349274240771649060
11351875001808545440
11352475964162899328
11352658333715248470
11352959681117050016
11354106678163446565
11356150532034229959
11356213488135975683
11357373016189294279
11357818010190987801
11357931227818026954
11360955742083147799
11361217312313065104
11361902058639165857
11365194055348702345
1136665476552694210
11367959320134314570
11372110717163541850
11372916535378594358
11380305713727725481
11381554800116485465
11382729217018241978
11383604625813201440
11391048108076223272
11391611648208173112
11392438507909488577
11392912051370232005
11393067253455933938
11398246396284201099
11398770994594910891
1140621529076312397
11406230854763446503
11410120865601374708
11415835311074212003
11415957467892657386
11417532653065400071
11420868822435990992
11422692989361833191
1142312799620684548
11424130191187406180
11425408675599381897
1143030886154689871
11430797882080647600
11431604533574915890
11432606132087584262
11433354673368983253
11435785696863952223
11438718915167914264
11442563611297877661
114441116846244255
11444623019702749079
11445294329612087709
11447381594187955597
11449756846678210122
11451720112298058652
11452319971841081414
1145267269540466368
11453020328949258181
11454315226701866301
11456327573075628019
11456380421644409605
11459508123407499932
1145956789693105428
11462455817042724482
11463586030328425736
1146914870791207850
11471155368011802428
11473262393417480346
11476205964956837836
11481930854118183864
11484996863057216888
11486449279622046484
11486473911253049733
11487988009605969593
11488978433505427869
11491190476614715706
11491954469742843932
11492831618979811396
11496431371171848350
11499691680805827936
1150073565498338314
11509546541565091601
11510476849352891552
11512024285266999138
11512270426867214146
11512466539759959399
11515426608415941493
11515886970183179496
11518479795850635439
11522196081407239670
11532156778293745139
11533642841007693578
11535290665484556346
11536218875371804136
11536619602023704769
11537776214274935581
11538320904333735282
11542421297014585418
1154344660324148058
11546873634760292775
11548072071200028671
11550017534580844661
11551314767187091633
11553946575506280844
11557549896022606190
11558600970657029307
11560975439053083240
11562624977129462404
11562725970323222414
11563135112709683252
11563553478706453207
11564564036936074487
115657731695014835
11568928166727794902
11570258279275178263
11578555142251076998
11580169431922696554
11581946257461609475
11583508672250716615
11583521588440756637
11586014498292145940
11588074059404482459
11588801443257922360
11590917076774254659
11591967872278606386
11592345276044395445
11592500166858119220
1159259121124531732
11593733974502444724
1159395289567358981
11594559883382521635
11596321345269324326
11597320492369133577
11598396310058899147
1160459720360475784
11608155729913370714
11616803271869043983
11617704937803078480
11617720466883664139
11621008747326650951
11623994909155840394
11626543763321376768
11626636320302515412
11626902006172205919
11628918476713394581
1163857530782433417
11639156219671369965
11644115072242309867
11650067224196115710
11654756529667696692
11654760773593417754
11655716881767045952
11662423572892191181
11664671104178693121
11667323886737473452
11668135673633848753
11671607058551930170
11673980446684887813
11675279234255863070
1167701633476155096
1167706091186585116
11677663435202135941
11679163152443792366
11680899906129843977
11685798918566628832
11685995354736408843
11688734956948957926
11688843103783499991
11692705122774898714
11694355886017828351
11694586777065182973
11697200592071407945
11699080607436229865
1169914527796657335
11700592405169744339
11700870354528291864
11701644493098774978
11702271797782313578
11703633848462682690
1170453057402626656
1170551942729986039
11709457733051853755
11713032732613174019
11716845652134036738
11719742388811199076
11719915680446024635
11720348732396230085
11720958821046725478
11723907360497603002
11729312175921119582
11734776395073063680
11735229608338830735
11735838444595395559
11738233320061986788
11739238552154365208
11742299006224736652
11742713339690497135
11743014610831876686
11744952049611154664
11748372404444017979
11749529743761867939
11756626067236274679
11762460996498962145
11764037305292811145
11766715744921604317
11769800716652909287
1177094220387718395
1177602551928163986
11778580613068129514
11779032642627600188
1178001651502597617
11783060459071477648
11786613801179700586
11787070726674366379
117904704488365652
11791111605249876168
1179310636694858081
11793429368423280989
11797400179993602156
11798549018367532539
11798860992295926227
11799575988080333040
11799891789694579854
11800858478160924675
11806030505333644093
11810210766479264056
11812718984856818144
11815950964983642641
11817459214051863856
11820969158349743642
11821155511101767664
11823894027790031953
11825094674567911706
11829321058309560945
11831669477290920476
11832123541437753896
11832409004893453669
11834864430746515827
11835194783521477809
11836272577078114994
11837106501657612616
11837379937713851570
11837493261545584940
11838910604335178977
11845935896972907222
11846112506053863652
11846348104367803657
11851721994458081173
11857109944946151209
11862079725862627964
11864467465107533658
11865214705936785254
11865806002143543364
11866184115039058030
11867957388287768324
11870455973633413662
11878136039741417429
11880583601192648566
11883148331797996378
11884721200206577273
11889298584729351044
11890673326339968779
11891554959470023523
11891970517122389467
11895561284791136716
11896081533609191621
11896690641184917430
11900293119436006694
11904307626867972681
11905219927812555020
11913365427553299727
11914125739812040976
11916206982554282976
11916631329081872099
11917385802654546658
11917503556595912923
11919497390083703115
11921282562042603467
11923519540634572604
11923586676630048765
11924469531372794934
11926457968835538904
11932857869913318362
11940713852764303136
11942065070772045072
11943542629152096767
11953078704151884528
11954625799484422089
11955824451738270581
11961350197743594397
11969630079341982338
11975556177967794534
11977108415300284861
11979057132023936390
11982756118570105195
11983130916404643612
1198321773349573506
11985185288717335690
11988125433702451216
11988758455390449295
11991248392286708187
11992808775116801575
11993922825978247470
11994756529556494106
12006046318412168919
12010335444479552523
12010554275977225691
120116510880636003
12012819567653595529
12015024896685344229
1201702403474459742
12021747070001929386
12022632914776563562
12024737096141025951
12029586561723952173
12030202660673583802
12031423049331882242
1203575017942442389
1204015768789205589
12040358562369365674
12040982272536430730
12041977980076899907
12043390377360564066
12048224866937447208
12050877455018037109
1205147895082302604
12051586234927317396
12054512035749162780
12056483358531495576
12056810955029712066
12059888989811248189
12061929704627450538
12063844770554734270
12066916843217249989
12068839889704577207
12069626014399603557
12070968129779392717
12071354677474365150
12071537883315661238
12075721704780086204
1207575376067107314
12076000255758411977
12076828761345522221
12079646800790912081
1207978565866751864
12080790520104428005
12082039629438618614
12082315054323996128
12083563557566479948
12084627167451036195
12085455394380553495
12093153266034103900
12094894433349599874
12096087891705446769
120974048059358641
12100285283082051525
12102491039704430075
12104707073825885011
12110344790661176619
12111419917127687816
12111868665127434527
12113325506310725835
12117805907600529482
12122159386660731392
12122822608574039464
1212698446171220170
12128947382382660552
1213026116768773068
12131339016264215086
12134840015654772675
12137425765963977280
12137819911032069060
12140565963038921871
12144027691436669906
12144804470286496581
12146154654792069781
1214660522174749862
12149374487624835959
12152373011373908241
12152602763462105095
12153661677902076613
12153835213177467254
12154182678497109890
12154463883942333054
12155973623174701410
1215620352787915510
12156836061813276047
12157603173487336473
12158353846388074748
121588662292478033
12159349321612198851
12160991834065947716
12161289706689180355
12162686994406962222
12165235864181045346
12169239586210990570
12172200996418875386
12174888266524984013
12176063106658513206
12176844424046212682
1218200131457653461
12183278620927199658
12185236645204559060
12185486666971901635
12186230526562578109
12186798537502723242
12192933506224726696
12195610282908721477
12196532075207154241
12196964507626749849
12198292210459213411
1219871910546260359
12200286487109403461
12200486811939060835
12200566423249370066
12203003015986713856
1220587327541540673
12208666194853430420
12214840584143658060
12218380316934714554
1221899213509547415
12219787187610158486
12219933142997194731
12222250049830672684
12228321687548243571
12233809645472645120
12236130546163448785
12237241073833270210
12238424697542487405
12238734344594433133
12238986502738395126
1223908517892494820
12239397906492745329
12250151473734423522
12252472799807921563
1225310311106080453
122550939105258130
12257712465908847445
12259756104150335183
12260554337889869617
12266150144703094306
12266684630071111507
12271769623194705568
12272180201488819998
12274649145441894129
12276123279712623627
12278260915296288000
1228378867635492359
12284785189971762939
12285092262191793893
12285098222734495153
12287065830069308303
12289344844930256529
12289585652266865090
12293906473981531963
12298051826010738224
12298406963033344661
12298554176163751055
1230047266677643422
1230492295795348113
12306192269169324192
12307440415948650009
12308783839660635539
12313043367230008462
12313987060241284915
12315363704273574589
12317113295604098342
12321926426266647865
12322644655197702391
12323051297088765958
12324635774140520720
12325456309828585670
12327205279449785784
1232959615760467506
12329946381070904608
12330124841780092992
12331900831043278468
12333384246134692765
12335444189339326262
12339837961067154159
12340399727669683108
12344028248326283743
12344823908593084527
12344875164710223824
12354987544562944850
12356602473462599333
12362003827257120207
12367723091936217341
12368396376713540368
123695171333737137
12374483392078816481
12377439002624061490
1237814858030854352
12381169985100493448
12384012548664482414
12384630348033153966
12384708362005504117
1238645081883961142
1238937082741585168
12390028883899788995
12390162055526658187
12390198917359310727
12390379961021847895
12393468792075411173
12393835407978613217
12397904483976699549
12399083505398946012
123999565679247306
12400858913551395760
12405305090669186098
12406888069280877977
12407513543965612572
12409742528053366063
12409793485506677254
12410120286740691704
12413175849878516652
1241440776249067691
12416619271105290367
12420571358668855587
12421030677576273932
12426989476566744074
12427313791871988737
12427662745513285077
12429569035537951811
12430912300994567339
12432351516305488006
12432997899201969693
12433921897382920794
1243563650925522555
12437278044110944976
1243742080708375347
12438734159990500178
12438943691880520453
12439487047763376377
12439535932005422290
12440413083620198811
12440665786075752194
12442519052596300292
12447246922489284670
12449960695645862169
12453491824999763464
12455144608732302771
1245942390074826439
12460001165349580379
12464055304376943836
12465921032678961216
12466255363606973417
12471315369329370376
12472746352732801066
12475032149663412588
12475589138110001973
12477427195913682793
1247858173340774521
12479413674982632940
12479736792511015206
12482810916114750951
12485559948712211362
12487214010237626539
12488278665478409658
12492372491085046944
1249456637418527924
12498287662325121873
12498812969627646709
12503827369404813925
12506523574887943590
12507418052202612201
1250795745332241476
12508570519968788040
12509063804802826884
12510713419327966593
12511063595736368893
12517358992946896219
12517898575036887766
12519990397949431061
12524146781976930381
12526198704637104146
12528314716431271723
12533579076840009278
12536278590777040746
12539348404096888277
12540338683442428955
12542415236611805023
12547572660898895960
12547687600510363464
12549553148058141654
12553657619862819660
12553781637146744381
12554635349870336332
12558079894814875956
12560076010056737394
12569126181890472752
1256997256556738775
12577732564592763335
12587890264928715484
12588582153983905796
12591213007050017544
12592215220324126298
12592692375866983218
12594066862411435670
12594713208631760441
12595021554197611960
12598245095245205163
1259957800189412099
12601311478727742728
12603033867605296722
12604466888960027377
1260538380867908889
12608354578153831243
12609300515942149674
12609516143575622176
12618379585903527032
12619951678710608929
1262159632522126375
12624677735118884602
12626021209880016295
12631800861333687015
12633725089621858173
12634220937390198721
12636677565696233014
12636791878054878917
12641457462639404355
12644665239617356917
12646697067941767168
12646830171321653190
1264886246300868751
12655990224999805232
12657675245923925789
12658758596109453546
12659960100217745359
12661218676157828777
12665784843664540470
1266838946925747774
12673838932234937688
12674427179993545048
12675905199793086721
12681976136567901238
12682020850292546827
12682286565427346180
12682969154199172711
12685647229518930580
12685917458233401786
12687563577507485593
12687960145679810824
12688245053738180676
12690331513031120922
12691148958480967889
12692118812949316144
12692890476713340410
12692966219826732183
12693149655832699472
1269633120031422238
1269760152544835588
12700119063402812957
1270286429906620454
12703591998739364943
12705020697037757986
12706241316661581709
1270629045422681700
12707113441017732686
12709122640122257938
12709191367210894754
12714644709529663939
12716876828607526094
12717321071429162422
1271783771049020181
12719068471383234003
12722708596711389038
12727293576546887761
12728957583150709644
12729977573204018786
12736298741286988768
12739017149687527389
12743350624920589627
12745058720847761737
12745778020139247265
12749439667062639099
12750907497075449705
12752051886784267998
12753237476386690884
12754825692977515869
12755707352703376525
12757212967617698703
12760911930413794579
12761810025609411713
12762774861323422892
12764073112168185054
1276569396073041963
12765842356091810959
12765988686121856735
12769625436949777702
12771963071455831966
12774191174114317974
1277792532601635580
12783330098851291332
12785156817708568252
12787734711011574234
12791400243534288743
12792633470012993210
12794861498690469905
12800400189560178004
12800436012226917240
12801622351199077331
12802108851358273991
1280394659067550547
12805486841083500008
12805799444090209447
12806013623311356559
12809178804391646443
12812825098784768791
12813814804614303153
12819718521616405725
12820592256470894785
12820609065493123302
12827255254576254389
12831272938973179389
12832671332676605107
12834250731509395613
12835637188505679869
1283759008848539391
12839026386603311287
12839661700288298074
12841119178625114608
12845365588648928233
12847063748583880573
1284796857659478516
12850714170829401881
1285154210464477757
12851596836014221760
12853408591694952480
12854516083286469407
12859432609511959889
12860966699449224743
12861060129650014348
12871539697164586641
12873517156207758303
12876304656360962418
12880322187166317282
12880825714565062206
1288261935948782707
12882782102427677105
1288281335163892657
12882880417281199889
12883869006467332368
12884954076402315953
12885631733768180066
12887234632296617073
12891911816341512592
12894662531357640384
12897952886456083321
12901043688276134512
12903023622937405499
12905265120070037452
12907302448541974215
12908745249983684695
12911192661519076254
12915646710177509963
12917028639732157673
12924243928523931585
12931624236572213701
12934708341187421292
1293489311059363704
12936307500402479339
12937371590447477686
1294469304185364567
12945515588812393289
12951428031552356475
12952137245803701504
12956813812122219687
12957264672762274391
12957401900355626742
12959098661130672520
1295985150248144211
12960983747185356556
1296168578968828002
12962930513988668777
12963042110592146086
1296305037113026120
12964904749880714309
12965171447189010797
12966096694484207383
12971099668788333003
12971748222114211233
12972962202568669820
12973720132956155600
1297730363603914930
12978022928326811201
12978104226772419534
12980406592094913606
12980541203765825782
12980622266595608306
12983999328491702181
12986692810324022062
12987070592582206067
12989970519442137184
12992723043916972279
12993242011643561425
12994687112409136911
12994992452663059906
12995484067069292295
12996881465517974194
12997008310291342730
13001490665769355586
13004580788288098515
13006675669632454865
13009823998726891357
13009920783322478981
13011744016244419951
13015163590750433173
13015447195040151694
13017891390830623794
13017991041661978386
13018437587878218172
13022103586897975448
1302385052519887842
13025108147948745503
13026451573028062878
13026776501523544879
1303275444957409517
13032992758011805384
13033566309053871682
13034506786614719227
1304004060949996599
13043610677363995332
13048197730565286656
13048993490522208946
13054780829271878900
13060541349478304866
13062076435337391241
13064740652593067713
13065443366957613424
13066196928846311663
13067661350435519094
13077971918639068710
13081802210658624429
13084473432737653849
13085764345809905263
13087364061767144155
13088660049900841942
13090231711545289678
13091612191977615881
1309707855575486368
13098656594662506555
13099275005964952586
13100121993024153010
13101034599723754646
13104379047993612471
13105252437819216817
13106474877790053229
13107346277851090907
13110398409820382959
13115009761853211435
13115665886772836580
13120133504269439288
13123744805843833636
13126358703680623748
13127022745388348550
13127625933714247115
13127761577990552533
13131461889644221210
1313269634159730352
13132771872127370040
13133077931356205726
13140198223003532357
13142236210417112412
13143660324007790813
1314506282718939044
13148628970996678850
13148690923087853590
13155015518927580250
13159964616224565259
13161043573130961102
13161580764077774351
13161675574793682466
1316168657780990269
13164530238462003388
13165369961707733202
13166828553964977102
13167951217321904425
13169758356245871630
13170115166258741160
13172193764763044017
13172724563708898383
13174901369859345652
13175039117958831557
13178640329825345834
13179012911453469561
13180578520236838032
1318078670513991888
13189089740831245966
13192393725485565681
13193010394557700095
13196900096244356753
13197423735317465421
13202893357737114614
13207252615338589004
13207790580182681625
13208082478299528661
13209995462157094032
13210301516282490032
13213030151491782092
13214246068418361609
13225066515218828724
13227253405777268427
13227705777826703776
13228693290367079077
13228884213118007997
13232658823600918743
13234401548499381552
13234462057972803329
13235848675663908295
1323818660703641029
13240438150255918587
13242594424334930709
13244085198189428881
13245337782049732563
13247854585939205384
13248586827349519394
13251298276630983260
13252391156196884474
13258931986937779196
13265590218300286680
13267598995278490621
13269419400781750433
1327086811442817176
13271487556945676360
13273313247392705142
13278334766037629879
13280043737440618807
13281768919075530492
13283154369296944175
1328320342750059280
132841237524711082
13284810944517485585
13286115731284163579
13302905917725761885
13303757244190038632
13304052978303697216
13305479098528097724
13308208594221494192
133083856889237226
13308629925014302217
13310601686132971924
13312464141773238182
13313074054838016977
13314305220492796661
13316699582416774927
13317001817408065224
13317061605035088293
13317230494474928902
13319877434659379271
13321114117982290835
13322314103033658418
13323199936702657936
13323253250610124529
13323367110096540679
13326051968210875270
13326451692144426734
13326489445811787672
13327778897829272794
13329649012502021166
13330370566581830515
13331266722467107063
13333074015092528295
13333375094086358569
13338548861872728964
13340279664605270894
13340916664433767286
13345627972425610785
13346394393386091174
133483591519394539
13348890967112770081
13352492013575714965
1335735615071998243
13357666190629261083
13358472060333480248
13361797574174071132
13362131402450864056
13362358497049008352
13363657694903689953
13368304363640602748
13374291594738432103
13375080902080305168
13383150288738972684
1338371455821373157
13391297998238432157
13392097809970279915
13398812482750845904
13398984139701891010
13399497744792516939
1340397284054012412
13405589159786056128
13405716491680829024
13405966980576217570
1340754892600835884
13413727003985665243
1341492726355807837
13416847238316876277
13421905634930152458
13422521339464071167
1342305794014411290
13423847849770173513
13425235675529225819
1342718486034421667
13432442836361980735
13432768909074171390
13433951541555983911
13435069245355169134
13438772619042871718
1344004403307567483
1344314004787440932
13444831857153520576
13450063885709694759
13450301479074639644
13450580536717373283
13453087144710348889
13453141543924155288
13457264009706032305
13457899998432845695
13459690091314135888
13459861860151178916
13461227480001409983
13463560366444469851
1346682730668501201
13467927691924790654
1346864178251911967
1347453490725087981
1347619888582818783
13476625162303880826
13477564740099269137
13483505857270694551
13485292715122503337
13486394762440823753
13487074070565889257
13490237157278570089
13490795264110528817
13491959248807737666
13493418244730482040
1349508265782360154
13503485641529183709
13504704012873253284
13508652911916621841
13513640663337226142
13515931953310014717
13516686656251809770
13517574185344680176
13525584754383778477
13525768377188504297
13526449076032768106
13527338671447436097
13534827232466404763
13535756599213878242
13536361495268435373
13540786241228352045
13544502924622838168
13545560167236349924
13546035801064226430
13546096748202455729
1354871840955012370
13550103354081869341
13550699650381240045
13551609711745111196
1356269887786367069
13563453456284170542
13565198405125646562
1356544508035647870
13567059532942122715
13567242625731710325
13567594762323729953
13569777573410216650
13569959418337710833
1357285802562171964
13573920149961462432
13574156463132076979
13574849280633908902
13579548282867181515
13584266205857833353
13584761206720097685
1358911210581686844
13593931279021885710
13596849428951968790
1360209838567986546
13603363175049919009
13603987096891385546
13604406964524910753
13607317761982446669
13609024505575227130
13610585699367098982
13613197146194903593
13613547794820835606
13613789069987090617
13613985486692699455
13614374165085870653
13620656847034843130
13620957985246495762
13622498087317212348
13624386495725340213
13624587607997370522
13628648231641805419
13630502525493509678
13631392337897817392
13632329023115158315
13632593858497425675
1363992335371861716
13643988988939074080
1364767736664999733
13649755791235163731
13652952142535970106
13653974623937347864
13655104734834398204
13655941876195711878
13664922512185316943
13665702951184704753
13666020888264503323
13670845079586243691
13673043345491015241
13675656990170480576
13679022781223048571
13681390101516268428
13709975419894765040
13711197032206214159
13711211896041297470
13712835121848262637
1371337332581056583
13716340861959204909
1371752092130045144
13720839314842669400
13723927411961996050
13724587480023343031
13724647881546717102
13726744166988360043
13731916331356838535
13732040080266172287
13732777352073370989
13734246844467221890
13736269028627570356
13740853974310863964
13742657911178286527
13743115418107982272
13743464321920468198
13743559953131677400
13747120908259632858
13747729166126658487
13748949924447370051
13752233474237476422
13757922158480421667
1376007356346782375
1376071536521195790
13761253190398976584
13764755894916208531
13769339573001013819
13774953492407018505
13779139715883828322
13784011733794244164
13785527780788155610
1378761840219056221
1378981559034735629
13790763623436143233
13792724653168687435
1379405808542419577
13806017638855668589
13807068712582513234
13808165508586250443
13808820864696588939
13812020199061855928
13812347016749557192
13812897166714116703
13813463468563712646
13813628599922066887
13817466108458521976
13818327627020265328
13818931591381752881
13827040594096329288
13829426497704316041
13829495434095891157
13834845991470203592
13836198402487073276
13840326053036111943
13844134766059607560
1384619213212102049
13847775808189432125
13853693162027096335
13855830088104043526
13856132980409545644
13858245171466261128
13860615773309396016
13864038413269406532
1386735746982041749
13870131661610687021
1387029238596306939
13875341320457533021
13880147920476550675
13880197077029583121
13881479996521067446
13882765407685512179
13888584630131910429
1389067455211364369
13890730659565611312
13892066698916204919
13895102213898100461
1389577049807839408
13896443607188317370
13898143266540809457
13898229958813249371
13900068798721780632
13900461799508436084
13901543312179874718
13901754290014967131
13905240859864225407
13907329372024780773
13908356336938634058
13909804115397525680
1391216549928367962
13912651976654517090
13913889090512247950
13916418890587728461
13918748357557580515
1392053651529149789
13920598563542772420
13921200684588828128
1392165514213755200
13922667425726498893
13923293705295247057
13923344465840949841
13924460324995748544
13926739867303779216
13926997108200381725
13927079115328894118
13927943714410618976
13928588976490765596
13929312085420309840
13934813341846888728
13934922062136046829
13938790329825521384
13940547235882625354
13941379646737910695
1394241288569318447
13943582420741362274
13944507925220079262
13944612501517918016
13949657210549435296
13954704026647190390
13954981915504361769
13956311113495915058
1396026486897055568
13960706561552360474
13963033886694167759
13965358049000085802
1396747965809513759
13967949556162539403
13973349496571910499
13976091118816559819
13977312373094411310
13977635733518679382
13979782415933907605
13983003216526393482
13983523466967499658
13985037266414578373
13986871113906263248
13988712543440148604
13991497698687826369
13992972196049399213
1399483535104570581
13996632094778486948
13996948659411690758
13998318627786997784
13999006795464345770
14001803983541949712
14002401157211504464
14002497237857172310
14002777326962710211
14005841885316374723
14006508654388563996
14006555734827835379
14009051187108762448
14011111358112477414
14013119587186182010
1401431591230702636
14016134539505852297
14022124680200499761
1402780159461754975
14033358662582245774
14033435364513398072
14036362500419488041
14037539458788222400
14037663772721128626
14040143309139528579
14047565245693975207
14050148933555352879
14051145218392240152
14053566205328403727
14055736069525089692
14056737298665430988
14058412022067600461
1405916330090192199
14059363033894239059
14059814909028095262
14060210673976403029
14062249262127481278
14063194094170431998
14065136062561741134
14069645523074245051
14074556541781203763
1407707214553800842
14077911034019243278
14078626391991235454
14081875344700222718
14082192345413846544
14083963181396387633
14084615336387880222
1408640523343070988
1408697557211015181
14088294977916486937
14089033230699741101
14090294499529964245
14092951696863722934
14093015051410238219
14096286271011732420
14098730566339435365
14104580671778253056
14112699310871633585
14112902775663667631
14113042370228848628
14116728013587239266
14117753440197048908
14119796350501376197
14124981584148528432
14127592455232461064
14129204104493940775
14129962956322993025
1413129821608211533
14131429086543932078
14133010338835802341
14136265259695509090
14139193929483897440
14139307172593535391
14140594791612700438
14144229497660044263
14144953651025093202
1415160732883556689
14153262936645412162
14154576369808277163
14157583316492819649
1416007513665738178
14160452567376856630
14162838589507285272
14164267620009466709
14164936104024455447
14166536221962137901
14169798970534012652
14170583614708190856
14170799967717542751
14170931089352816927
14171595070827205934
14173475606898999962
14173999716942826482
14175836045857903489
14176431166898246845
14177288556883349094
14178230612445967698
14178614933995209425
14179023403772435165
14180195074449058193
14182164790383977373
1418596011701489953
14187137394100328851
14189807071227932321
14191195437605694058
14192319002442727656
14192525614982829883
14193035726912848983
14194771349769566527
14202133305386493329
14202250548565255697
14214784820916980229
14215905289876486017
14216562810439249464
14217363794546868270
14225188113793861849
14227699796848953924
14230882345563883914
14231080694390372471
1423341668020673839
14235836430779637836
14235989361540430649
14236080514105615638
14238422213153822540
14238479558320805323
14240525729676325353
14241099893984990082
14245095565246857882
14254697475284788438
1425743044042041368
1426180733376589492
14262498720646322755
14263033104469645200
14264277681272686929
14264417279972840899
14264618255726786471
14265383727811303279
14268630457730034259
14271103325217615947
14271776344825078786
14272342586846515623
14274109464458264933
14277147870723565749
1428006663748828254
14280443252100264511
14281856490093047772
1428433206730455433
14285277591022292627
14290445841709297314
14294444319199255346
14294613342182830896
14297383309162457301
14298400745492565828
14300013428284532281
1430014698536863717
14302369576285470772
14303294578928970554
1430484510018033530
14307487710439082582
14309065937460788574
14311710340044562433
14315016170493020961
14316212376036294405
14319651166110609807
14320231634430138069
14323259908437325530
14323922096974825021
14329603422643939076
14329897811169173141
14332102185012315538
14333062303446387348
14335820539822717565
14338632049322738359
14340663186714134282
143407663696359906
14343670414935864496
14345830178703057270
14349731040270638568
1435158967810106024
14353729922279820758
14355548247353859783
14356438491973484194
14361333745390946907
14362110297903610804
1436217445101503047
14363378023320563894
1436444544325755043
14365303022829798647
14366231621415427909
14368391566023672902
14369070738469335346
14369504194315571449
14369934318521021766
14372950560751232168
14373879936299843698
14373967042492727548
14375652303899454228
143772982977465451
14379556503952367981
14381551446591310625
14382996938646149882
14385620294649094751
14386712020670342390
14388430703355580194
14388776350793875424
14390707968849286605
14392316925673278222
14392531412462165195
1439288917963602243
14401112931565148966
14402830973969633151
14404306324624384156
1440736488825298138
1440985903547875584
14414041258054390713
144174404579298274
14418296026180754481
144199237434070246
14420839872483910859
14421517598624514173
14423495810371457471
14425386033655435122
14432273105528556590
14433295448611379486
14439827475486590280
14440157345016907615
14440217726470787700
144418105092739486
14441819888021979538
14441890756360177406
14443477347319342375
1444388914764565383
14444256365563971928
14445649028660204141
14446118077751033343
1444632298070787637
14448829390507347169
14449906241142730928
14451521963020126576
14451638893916426429
14458083208548075038
14464092243658980557
14467244275825006133
14467321992079307990
14467635146332274603
14471264237682020731
14471850506295913779
14475012863951346008
14479311606132040918
14484693374801811050
14491545751749416730
14491832442511681790
14493762989907297966
14495910911652459641
14497817569503950135
14502274511525526644
14504873106485182471
14504963396357653800
14505263181288779168
14506429148935088400
14509794423475170690
14509821843729640775
14513320936676184681
14515499224242142360
14515920951439317342
14516063274487023026
14519348831253932231
14521687613234907135
14523809322180885968
14524732701200208071
14524880528407726541
14524966884569014302
14526728147423854183
14528570092550183517
14535992918377462155
14542616045162435931
14545862687847326063
14546170527063435753
14546622099418632892
14547134645635734612
14547585414583191204
1455117733563849722
14553183441178847115
14562293871297410461
14565167928779386406
14567517025638071445
14570129440806161122
14572386823350868214
14576906306857814503
14577091403916884535
14585462238607357929
14587180181439077202
14587387364682570049
14590499822705774810
14595055376015273151
14597332348936057185
14599690280485388483
14600630670943512707
14604190999124167394
14606142049979315805
14611744608855962341
14612882542688063832
14613695687838825306
14615298356531109481
14615353793026675773
14617578800780338948
14620485633933651114
14620571719408137790
14621244353027254962
14622488259263687890
14623618640883428119
14624039245902698056
14625348021371775570
14627647654907217310
14628778509875551832
14630023592446940339
14630997210097766255
1464101803977098813
14641202388436388838
14643769167712650168
14647256293117094540
14647414995046588355
14647999565651871835
14648187231391457974
14648937743480549343
14649548356152013378
14649701129480848192
14650108533546653052
14650202920583667746
14652286159466074025
14655875085233538808
14661430226708179443
14661868315162670144
14663529970541315552
14668600775545985135
14670499431203077321
14671410208360167324
14672935916813700627
14680739535331603907
14681744318361595638
14683375266014257879
14686278141099706550
14687111465569421711
14689034319042528488
14689046485724995338
14689155880906770196
14689750101582934654
1469297972502059186
14695778296385308401
14699461044619993347
14700434729205950501
14702595514186715445
14703717859170866032
14704746835101139226
14704752438058293383
14708030401756771175
14711255524066460026
14711519120076916460
14713736682882926327
14714684997708476397
14716593112422251229
14717565454511215675
1471873338387441293
14721316135092739592
14722849335764973544
14724310010392373308
1472469941934137476
1472474464987173152
14724838978912857395
14727926831459962706
14728509874916746727
147307383472075829
14734252185691957192
14735321444110859292
1473785307225406585
14739210776262991217
14739263814910547597
14741441115105170322
14746486291316601110
14750028695172066822
14750301840711422316
14751418280542227036
14752572272475015398
14753864145728940608
14755508417148514817
14758857506317128218
14758890348378009190
14760200281397598094
14761705676572452878
14762732077692672299
14763409627936914631
14764231593104492213
14764825156054760818
14766179839331580718
1476984800008698733
14772318861110412321
14772337559640623733
14772392868615429088
14779943654218331743
14782492399213248653
1478875382022248861
14789660571036105515
14790392855257797686
14791660639661127417
14792675121599218830
14792903690927096036
14795387675505771778
14796128906966467861
14797373396629951401
14801827846280519674
14802950165344506136
14803133214454577492
14803755860249874881
14804917729622045262
14805038972062389834
14805202860260027612
14807191014705530377
14811057003284419903
14813324445528260305
14813687047567888753
14821205450025506277
14822749645594450810
14829736639539327205
14829958613601337761
1483335623058378759
14833732726730569681
14835641724444935603
1483714364213057836
14838126005618852237
14842144518807161870
14843497669516613258
14845931105759107742
14847095832606890198
14847446025630620248
14848939271655897556
14850771341005220392
14851248816547537077
14859897742140317355
14860950747950277324
14863423738752369224
14863696901989894627
14863927248897475905
14865387917538555423
14866560350674584863
14871046946683743025
14872949797798249150
14873918609036873483
14876162240733066291
14879299996380410300
14883602708669163276
14889289150752644658
14891346410681879206
14896202037716630630
14897408323703193005
14907897593508522868
14910324219794719549
14911342463393623895
14911875075999718464
14912212981766903898
14913344935862983135
14915145008239885033
14915582242753546325
14916519939592874837
14921919873654629196
14927014975378801204
1492823517221414015
14929363956891842473
14933414621922552144
14934752960842514111
14935638105133187345
14936860676491518175
1494002281132071363
14941035752837864776
14941854937643964865
14942912935004622149
14944188106378842573
14945245808121153618
14947444354644881053
14949060989350819602
14951720264972837635
14953756418231094148
14954542829311024788
14957428450447355768
14958349598997658444
14961088573646025492
1496132248765047759
14962827542000960587
14963342151692000427
14970250720182897926
14972239701512750635
14975406668713417821
14975556046693340691
14978398235368870773
14979623698070811762
14982137143896782680
14983270230859506161
14986316781921432034
14994304484944201910
14994447791042598597
14994906472768632955
14994920237704556071
14999718857450564604
14999947881686117151
15001416117309324550
15001876014527628610
15006018774896473315
1500708077768282096
15014971352603587928
15017364843190835050
15018208105243078746
15019703500525753434
15023093244508610431
15023750986512382605
15027652104523921663
15027788217388566284
15030569821583267626
15038449449083582422
15042083100763161214
15042546432036899686
15043930810144739297
15046030463704998059
15046377319862691763
15047707251509437674
15056126732257636573
15056174085063601643
1505631146477182577
15057454909006344623
15060255682761425927
15060856822130062581
15068111838625557778
15078943003207290365
15082591499909975470
15084381771955589116
15085167676510588776
15086816265412712916
15089651846210819105
15090545915880835362
15095307142408680065
15098680963129695509
1509983911165701547
15101485974496466922
15101804561402741654
15105060535873473093
151059372485234069
15109282268334957000
1511228701884446676
15115119190857399697
151169153594058206
15119671586332056850
15120062734954730316
15120811329558610690
1512256269698347088
15123278502408435204
15123519824081988441
15124628827825334682
15125668669663031860
15126975706780519185
15128068348667146401
15128922950892269428
15130829655245507328
15130904661621251077
15131219991221539665
1513126372417145401
15136483790240886103
15138185971453067695
15140996499462839702
15141236834955132684
1515062244043289590
15151639659096232063
15153068992833303776
15153124541918500259
1515348053254920808
15155916940042614035
15159451811421356661
15160987497054339941
15163698416381868638
15167380986394313291
15173950462129501411
1517778892017773348
15178600973982170039
15179318630921598367
15181974962427720215
1518238574207951333
15189167617807933676
15189331194239100979
15190031644849670741
15191680231732694959
15192314224290651607
1519668427086219190
15198159539528747523
15199331216126942561
15200556687177303474
15208294396178008777
15209786094862017553
15210687136720325696
15211139214220687900
15213863309694201844
15215544404516487387
1521557912130252121
15221749130093369696
15221877614741500045
15223140728909743854
15225830083189864990
15226691088975763313
15227747561538335360
15228761321302375862
15233864773030599192
15234445426548334976
15237542466758989704
15239227267627964417
15241231131275818291
15243176215982897591
15244387903513368251
15245148245370045516
15246494385382728635
15246664230761585881
15246823197009902888
15248957273486619503
15261175867702883140
15262370831892138137
15264696899111228156
15273012523786056504
15274674278890581916
15275065586819407345
15278601138923148969
15279227915813531420
15284529042228902330
15291319001689934054
1529700560564731322
15297187965198923360
15304367626111594182
15307249867100214766
15308716578792665361
1530932197466316031
15309777334278320584
15312383621626546164
15315479719709079973
15315772063849494871
15316292557837434681
15316441855872490308
15318964772229254624
15319994012878694722
15323395403554398353
15330123756454153913
15330133947365505757
15330680087142247280
15331942397889580443
15332563917309440506
15334254871919920489
15336432532003941502
15339824295049137635
15341222165647536397
15343844781501951118
15345044621590579446
1534641997171970860
15348016308400818586
15353647652773429695
15354088822008744615
15357048488164602211
15362117923149200679
15363644516135062309
15369046172564475467
15369912091714927332
15372542540874355486
15377415144645135185
15381565709655516405
1538399965930573300
15385638140961186199
15386311754732118295
15388602870381144187
15389097081223057972
15390085841938423570
15390146353983451666
15393658488072719830
153947368983916957
15396519588580157541
15397087238346693268
15399854346624155568
15402780048681385105
15402904036828030314
15403558451609160158
15405329471302131375
15407129725335092618
15412089741213538974
15414145188288812084
15415524742039991474
1541553711726679111
15416493582504057190
15420332520704113323
15425077989554681729
15427290488937628359
15428383526260873023
15429089225837807112
1543130703237352596
15433792756263322443
15434019617432373220
15434338489149326760
15434485914155295896
15435782567628459859
15441813417498255348
1544293448135432607
15446171867856201611
15446454959126913367
15446818260624168936
15447050655666676779
15448272019319321383
15451689125771979661
15452822669328187664
1545694949572993947
15459779900397523830
15460125225865288427
15460183507759980089
15461981535474274633
15464940069201629570
15466324859776924451
15466604544482381510
15468991275400991168
1547014858441964513
15472818686219570113
15480284124554198975
15482361749068533008
15484344596252938533
15487724899222613621
1549226219394636437
15502455846516403921
15503394739977451644
15508722855891593455
15510055673086546444
1551306826786576546
1551341029246898001
15519842332827201460
15522497632158003536
15527668234882479103
15527873245340960540
15532140476961171547
1553289484452961198
15532941295256324396
15535484118149037128
15535767980731463478
15536544831451382058
15538937863921160212
15543274498508469502
15544327930721105871
15547622517759826593
15548600719572773610
15549700646838157217
155572791073751177
15558151757017912203
15562102944802426972
15562401751116163661
15565892403901360634
15569902261767325957
15571715103968041241
15573669707696100320
15576163770504910754
15589420917008134858
15592042785956533773
15595175546962012782
15596705652860509977
15596827163213391358
15596955101287798034
15599499766687162338
15599760562054196289
15600659668833421433
15601620726100055447
15601986226569397746
15602675681028161990
15606263130672263989
15607009365696383803
15611442170923664977
15616016556365676474
15616364122426030260
15621024933651695530
15623139035472938995
15623487794657129697
15623789045286172958
15623962765164110138
15624461644370182551
15625884556792204583
15627804586491080120
15630911872000675886
15633461532635522842
15633795022578144404
15634813013039885614
15635951764591036265
15638036934416243437
15640015420932584574
1564184047168302377
15642423677990061424
15648222312202354915
15649692804255438073
15649734565657751059
15654512945022929115
1565881621887393412
15660542475819084697
15661679190937744303
15667490470603818590
15667644639535155869
15668052991171348842
15669724056025922773
15672545598023566745
15672617488451428703
15672999230438491905
15673209191451609890
15674574689352747709
15675901633822636179
15675959859803824223
15676359282386952227
15676409047472414353
15677471945453861368
15679184285975235705
15680648954474253467
15685698527204897874
15689241981077109000
15692598213077154105
1569554238134913538
15699432354075063034
15700522367460075049
15710274444595008829
15710811034697635606
15711741856033055140
15713997276545688171
15716442569129826125
15717295501672001457
15717886158327723888
15718805664954378013
15721094403273327340
15722238856857400274
15725494186370917773
15726831198447780981
15726844382950780990
15729851376444046401
15730839850045550417
15734263258582787931
157386189574509106
15743685604030569034
15748036554447972251
15757180595337360777
15760875483858750259
15761567047725361695
15767552107784316037
15768238473243679762
1576991431899104795
15771041926152251544
15773092713563462558
1577728900834385505
15779456277784991839
15782910164728618846
15783677513629006791
15788758606280647564
15795988980558943438
15797490900109479606
15798467721838361695
15803591574207095792
15805163045530833860
15805913666225326529
15807448705092889658
15808298540171756190
1581622326602968161
15818361053978287133
15819229066828472683
15819677873681471713
15823873669453076371
15825941692426874854
15829302644220984255
15829948011637876882
15831814759753751313
15835354714651263051
15838567258000250548
15838667637105323785
15839286627743299253
15840361712126514894
15844072360178777604
15849964661768173509
15853662144300635196
1585377567206123409
15854418673526767201
15854526553670465885
15858216188247201894
15858509672040182303
15859836416427117556
15863037152588661750
15864772098028534383
15867732655385813686
15873393816265546836
15875158301388550638
15879221969267662742
15881981110187109317
15883840592792390280
15887075026124936146
15888983944691765784
15890747573554626728
15892863996954089672
158935057728677798
15894191402877134460
1589550932621604888
15902324074139230278
15905333138842510708
1590629296744893676
15907586296043811054
15910266789074150892
15911079436436618530
15916800982834506939
15917009468050544469
15918807968795082903
15923223742310603149
15925861757853507956
15926776242114287155
15928285207238918454
159347420979208260
15935486999670021586
15940906729475441285
15944077321633692992
15949345670196203550
15949905348066635702
15950893375840004707
159551329754116388
15955230609909513857
15955742087342046380
15956662085994948810
15957729189983613734
15962854238177040697
15964587114962384356
15968776808363004781
15969432490887437472
15972532334912457743
15972724275597505462
15980469257492003960
15983074546623656127
15985931126325693148
15988133562719257414
15995837206478365330
15996409917752046360
15999491509083775101
16000865748938627113
16007597005271155012
16011175384301217176
16017380220792396480
16018573270009285626
16018736345658701892
16019314865216773266
16021052622289267007
1602137279398163470
16023322011175730823
16023824777838054890
16025757702880546454
1602912810534511505
16030383422897987893
16032450666694407583
16035247319920070547
16037168957630123007
16037274851217920376
16038060560362798679
16038735002414938897
16040664402480349235
16045087258270690494
16048177921679181665
16048218815350518244
16048735891968532425
16055223052226471063
16056712340556344292
16060129029438039504
16060907490491458541
16062226446046948822
16064947660609822773
16065283636571756978
16065825539798232703
16067376261874940412
16071402654728511257
16072218796379811849
1607673305960751906
16079316102261161037
16079649228024339896
16080585106754123704
16080723006775289143
16082896976970469802
16083673828731860734
16083801981974315552
16084054855536413112
16092809542351651625
16098904352958916566
16102614980992068306
16105453329357403999
1610649360325564566
16107861966935649678
16110732823370490310
16112075325528754179
16112117829164478401
16112659726880082367
16113168987812900464
16113775767292875840
1611457276070067915
16116445464808888242
16117873519757152707
16121622237717027961
16125954970848414201
16127548321937714555
16130646995079192205
16133492314478480356
16133575789914062258
16134463605184565223
16134862479437648211
16134898645708978122
16136566729041772173
16136735969410896023
16137700843482883805
1614598471381754572
16146267929111479059
16147206772898183873
16150822926542573175
16151047826336071859
16154103546736951994
16154974061077361911
16156568226331914248
16158594650388419080
16160974480157912330
16163850020979018273
16164931986732063545
16167507660473159796
16171216131595579011
16174262418556723456
16175762087203801387
16176877771184130067
16177960197788967356
16180831468023726085
16181474873155975639
16182434507915255576
16182709352608554863
16185387138745098743
16188955981596212613
16191716076438501345
16193282009193474503
16193668753228588588
16197680770348453019
16198599227695470942
16203138639735173443
16206861438739650779
16208931492604210314
16211481775175713151
16218551528925251955
16219812609652483346
16223307469110840082
16227587426132788393
16229964847516633279
16234471613315261228
16235468021941903280
16238448558370231254
16247007413594296040
16247374799104312128
16247603275931697906
1624893333558196401
16249365671216175673
16251474965967250688
16253712360797932080
16261098145427640032
1626392864032637512
16268222064868257650
1626868985494668347
16270194261313014339
16270431381093287173
16272564245202199728
16272865263470077531
16280811764858960780
16286799436423549942
16288505264975202892
16290016939775934458
16290191259830871327
16293181001538786878
1629858935051476995
16299256346207075288
16301238762793531910
1630131782691324585
16301838328934507949
16302578962325538497
16304944886899987556
16305140528481166700
16307389411352817611
16307409931802552651
16307836882034298757
16308313952321564287
16308399959065777100
16308645900449894825
16309856762792369975
16310462981945225309
16311627936967244678
16313294965950967369
16315056461290323868
1631540922740854122
16316143281884651195
16321175758121095273
16321329780770604574
16323482135044895816
16327039115411021498
16329644812449438361
16330414380347818879
16331270680685252311
16334513204868356582
16334656260523065090
16334843330520392791
1633658808712259738
16337399724576359094
16340658292464697030
16341634079643629858
16341778427810823635
16342092003030317252
16347162517756913627
16349614648117298567
1635077553890094175
16351823371448517729
16352232706776436645
16353874809534760683
16355095115629264088
16358642703507138339
16360372305236807052
16362041777245226537
16365820274788789826
16366130906114680938
16369831417072483513
16371565135849675772
16375363044236282293
16380654223830525386
16381290464964185201
16382548701555405571
16382959631160841406
16385563035124668158
16390708864537629693
16394143434576082997
16397802741935649513
1639831213581985511
16405953153296965584
16406703755634407022
16407169582889870926
16408300599977293719
16416166339770631906
16416866816120484694
16417616524770406061
16418221972123307616
16420004186959725441
16421203811856467459
16421537501581985018
16424256871116216452
16425138245492939923
16428194503061102479
16429939086440361981
16433951701426083786
16437001079228838117
16441439296571923452
16449301439635440933
16452059404243216778
16454100614281591163
16454784594561072218
16455345375118438482
16460557626800373987
16460936826258007106
16462230010485059157
16468136643285213245
16469752862724685765
16470446756348541606
16477470050336293610
16477883202991927113
1648005984688581688
16481368149644674573
16482797594477511482
16484585539666951600
1648987664640770995
16494759172619392878
16498320880925919671
16500618268438398712
16501191241101335421
16502285171246974205
16503356076468073284
16503377989799312085
16505706429489380088
16506502738905096627
16506555549427459080
16507947521072273187
16511068275781913397
16511603299946660470
16515298578694210866
16520587158421418943
16523944613715888518
16524971637959910326
16525840987736772926
16529874111713611928
16532000090070234670
16532953064820466831
16533536575524506497
16537771521837536388
16537868172268837134
16538397630308469318
16540965962331514110
16542630934027996803
16544550538593221395
165448766230652515
16549177928742310000
16549200668202358255
16553146010119954953
16556772958901426704
1655687937428158710
16558337458606037925
16559257268938027742
16559663725510474720
16567358635861610507
16568180135621112660
16576132273939179525
16576950842066505975
16577357098854956279
16577579250750351928
16578971105357806981
16579330967875513179
16585296348294548606
16594189557736018320
16594263502696587710
1659519625974821838
16596887220006382107
16597791177162833819
1660145900172140580
16601701740166841739
16606119054740590315
16609716490776559759
16609772163842112779
16610110740274289941
16613944879160901015
16616195905422125590
16618307065066909239
16619826385327328595
16622876118901991412
16624129507859860031
16624282874476514964
16625697195459969419
16625844115574733740
16628441069640109582
1663004201978840330
16630238562420601525
16636960200914758915
16639014516412806896
1664417050561286506
16645025593296240620
16645026755795621807
16650464130701141934
16650968169388766816
16654154222188426496
16654180681336822316
16657820924496810787
16658035023970796916
16659052159458134058
16661587736028848342
16663080355506416593
16665530269339498987
16672278174141634420
16675154041087926381
16675216324266481746
16676321156850284457
16677295901312614503
16677510533476084414
16681322236610303380
1668215344613882364
16692444695233356852
16694797876941020287
16694917234566474233
1669539842061947309
16695403118005209724
16697017491078040555
16701170636896311407
16704879729593625541
16708623178478324574
16716659327104647276
16718105700076690052
1671999147477640887
16721075808558883343
16721342954040428922
16721780281743061105
16727684499500448323
16728829477920208882
16730181737182222547
16730920310026873684
16732917338314800380
16733643792248028105
16739795842950581414
16741418598966648637
16742538932829553791
16747268697032179285
16747611414957970117
16748656090992911498
1674894112998603406
16749624677577038683
16749667053303794390
16753877163619077531
16755142100366917858
167553798989106226
16757402452832297467
16758298962675696550
16760365745615102643
16764663113101539966
16772452090829819684
16773937371536664266
16777628336323942418
16777978708885387786
16780519282033048258
16781894734048205015
16782213362197998176
16786219095155053341
16787157399427834954
1679231920203979815
16794874438114670662
16797758083387740189
16802092570131143495
16805397858725839215
16805646691941384877
16809705098419869453
1681287722145180703
16815775460935980595
16817143675419776041
16821201132558622268
16823896977393590421
16827146803144196706
16829471319350996269
16829829035142579108
16832361427626812929
16835165737972239616
16835498824022713118
16841401977057460420
16842132688709983856
16843000536636093166
1685033301759723942
16851734105814427706
16853835988283041692
16855790206404641393
16857033926738285870
16858524009322678066
16864121112343046045
16869552595904767757
16873388496203769147
16876732837338392382
16876888483219180385
1688082053345223261
16881711638491273800
1688258682338418446
16885243995833885890
16893180556987696429
16893722396304632660
1689474346637975995
16895479580713397460
16896806909417973848
16905220841728979285
16905401797185976033
16907823923808376974
16914777248702655688
1691514318447933644
16916249611262202908
16916494458388851802
16929007888797053688
16931226369918420579
16933352995176693064
16940420003027273311
16940914276599520685
1694577398384405129
1694714689729529343
16947330500586554659
16951829864894664390
16952852340263065733
16956738441710758429
16957303273743307147
16957350871133418927
16957739463122208839
16961306102782353144
16962519926182330791
16962558225358856375
16965017195343436944
1696532414063918288
16967921093611058695
1696933490987757783
16969897421649550784
1697215940949693302
16973852172681207970
16975282876399516358
169757625085582630
16977110610231301634
16977748505764429403
16981402898077233868
16985652651626528564
16985977690919722323
16986453588371903066
16987269163286498303
16990430644208854139
16990818511953986094
16997402185550852237
16998499321479761222
17002018617277256621
17002292908072378993
17002518719980610505
17004164311499424075
17004514495483676047
17008172474215663957
17013391110119932012
17013550380188879820
17014100087168892237
17015235653668534197
17022617402150661963
17022816590318221252
17022970634861095927
17023017940117727278
17024899423430629007
17027569094405238848
17027767325584112866
17028783608868091539
17029003467736291320
17030543938602191660
17030692349781794310
17033881935652633561
17034767233687711606
17037463396924090230
17038802532145424436
17044620623683396735
17052536337448432789
17055235154770064115
17056838939208307070
17059002075345641452
17060098581400072982
17067372811250078894
1707078946532778434
17072693815667279676
17073016714671585004
17074514740069547694
17075280736157658586
17077230465889279562
17077369113588601806
17079011060698192038
1708170029850799618
17085959322745439211
17087646146611549727
17091245715561647703
17093432163341851285
1709408459842555290
17094807873661096187
17097646988462648489
17100406934748159095
17100966458427328163
17103841865399006055
1710761555407383082
17113239401186395872
17115115113747274138
1711683651413759005
1711875970205431352
17125401034541142554
17129308285956883532
17137137611292539283
17138792323135335214
17140263401140651897
17141402053767469972
17145680757500252350
17146971052426948681
17148394104748093535
17149827846980019591
17151277714648640028
17151338777221686196
17152583300091867668
17155090010542092193
17155280280961756087
17163879206758652016
17164013490718597390
17164184341577470769
17169087130458482904
17170440260196384217
17173678788577952181
17175593280379824657
1717662163251552867
17177571264006177961
17180499717522874636
17181202320801388802
17183317592728251604
17186250015802170125
17187903769916414471
17190305728862028996
17194200142288986158
17194206955016363699
17195269394573354649
17196037791303223126
17198237295259716263
17203521076526655183
17203523585037188027
17206788070147719080
17212236533854762314
17212340013779522449
17216372494116148269
17218673646957003249
17225267037111680168
17229713725675796890
17231032610122395215
17231993953210668783
1723340700177713046
17235013967061347566
17237108264741069123
17239999437849165680
1724012485101210185
17242758218506183120
17244156773014528258
17245426145070981790
17245961570767994660
172563303749355085
17256488445888741944
17257926755293305304
17261174665554238358
17262387145820543425
17267852995670512558
17268054709640071262
17269080592254541977
17271220292218578155
17272139765271336927
17279393343569169577
17280309605637733608
17280423300421497066
17281024065889327802
17282315348756484584
17285931233531396895
17286648015479346063
17292214932134909323
17296503047468091567
17297365825936881838
17297970225587795045
17299237072660404163
1729946980013165128
17299580562563058503
17305823778315081627
1730791805489136491
17308318744163387537
17310880852476849802
17311080341548662677
17311497327450493483
17312060614746930263
1731775889567618490
17318939147314904773
17320252542873295409
1732351232879303952
17323808297219926818
17329071446619111222
1733173384366180125
17333848215615577179
17334396985235408084
17338760557575135187
17339032025406485492
17341113581829885845
17342796953873231066
17344898851748385252
1734504015864807951
17347282552647416277
17349959000128358027
17353405569114618226
17353898664400651249
17359144785186914565
17361056728153305356
17361439888167453655
17362258220025019819
17363279274567174342
17363372231146929127
17364872882916765127
17367803582522594886
17368002901757033454
17370991149350923475
17371367933937836846
17372347473518866949
1737334906270946412
17374098452946427752
1737512983841870760
17385476762735081402
17386531667745437027
1738668887192261857
1738735071442386008
17390129936736499979
17391810933143797011
17393811061764969967
1739538804922084368
17404867599182974289
17405217448684639915
17405548278915932173
17406397350687005318
17409787239623023038
17411191360610419314
17412270532249250513
17412540035889357590
17412882890756007006
1741546482377943709
1741632271069648169
17425734115499101862
17427797413702316802
17431468909542087257
17432580219522741886
17433531658046761424
17437175947743572753
17437684267057891369
17438950185006594909
17439050749523656508
17442367704661558097
1744251223147825832
17451294535396559605
17452226315673254676
1745281276857478964
17454299870968027796
17461210423104750034
17461606557293312071
17462512598433150649
17469841469583292090
17470011512367675514
17474447616180457954
17480249187611413461
17482675059267520530
17483017972412525541
17483334493212938158
17486070743754714916
17491582054856739944
17494817114013128687
17495697984655193875
17498112815517494949
17499408104976024866
17503987603613809973
17504828317333573567
17505056864290208731
17509050208848477004
17510627942871481337
17514419958374585537
17518157998206616722
17521075895284367794
17521845438584051586
17522276510108840812
17526777171510442807
17528722941683443398
17530179403537304817
17532805627293078101
17533216185552300005
17535673045179629993
1753705544973854463
17537636200806471099
17539825425606029347
17540559516281738923
17540833437558933197
17542582066650362788
17546660214735812988
17551346587247009328
17555759635743609130
17556338358544055378
17558664495534166770
17561346958621494002
17563548296399416707
17564511415250975095
17565249644908004860
1756794087132262116
17569399166325870915
17570109776403596997
17571009451024126904
17571255870456680327
17572542451956316200
17572551416232385564
17576795163650305783
17578172966147140534
1757919013611998177
17580020210529884646
1758003304253685958
17584081234115500446
17585573154336270447
17592435228941965730
17599951470939532261
17602106261494157714
17605017473370953971
17605867732322203995
1760903015226025615
17614012936081375550
17614109815219284121
17617829346870058851
17619814763302541343
17620149499516747540
17621003090438935929
17627273548301965318
17630185940465080185
17634280939308366740
17636230230044930249
17637224232001163920
17640153250402259316
17640303790917484763
17641119774321155390
17641458150879217254
17644599322408862814
17645552070940665417
17645902825351213807
17646308676681825188
17648720597720415875
17649293488013713527
17651909001188356600
17652867535854787252
17653962699036124478
17656068780189999247
17657161214565508594
17657669565411022425
17660689076152011293
17664444670264022956
1766622507248805775
17669075037304464147
1767156414764515527
17671781715669409779
17683428270004759606
17683759999856667721
17684552789161017932
17686555086702566520
17688959751879617811
1769016792068262938
17690793720619744993
17691412873561250634
17695783632103979229
17696949156781079039
17697267128530656677
17697720313726735044
1769949286833881214
17700366720975596178
1770119609591006502
17701395679479586137
17704412497112048082
17716555912101332500
17719661608154563735
17724107379864545864
17725441616546987191
17727495224813449979
17729478667044699419
17732082158824880828
17732162569623386241
1773351236440505602
17735201903990732485
17736792720847864496
17737793789330041472
17738408374513270348
17740625280393704455
17740685372630739401
17741401737161546029
17741811954299136974
17744306822721921717
17744555487279736664
17745401163861383763
17745800028440994536
177464579127771250
17747645014488595709
17749001950561620609
17749450542018693624
17751092989037581126
1775410897363280113
17755938945715684717
17763118581367502632
1776390025790580442
17764514566538919768
17767841713067238459
17769162021870155501
17769828405987348175
17773104484663356624
17773882624311654504
17774315504739641334
17783642196187255592
17784837161383047087
17785404989167924302
17785634831178494835
17791331143296889944
17792555229172491306
17796066045932441309
17802668520447005275
17804424079054421485
1780521060341442730
17806460270498700619
17806766626359081973
17807045828884773990
17807885226555431480
1780947763277202791
17812012708582008554
17812065996243758029
17814133872654414040
17815098921364247089
17818601709398501803
17818990175469455511
17819367781035889427
17826007620236339811
1782863393893746291
17831830521139543356
17833953529976685542
17839389669927297947
17846287558025326046
17848163758741587180
17850356702365656365
1785156067253118854
17851687157095629116
17851988232789508077
17853129950049403514
17853537356326689168
17855187065855087635
17856991761330503505
17862774354217611571
17865994121070681963
17867724447116940791
17868774181288713851
17876573480670870287
17876645207476212467
17878461741788861881
17879669927387936644
17880154622601339866
17881674746796939603
17883389495558991265
17884427989187121020
17888545252701393061
17889728379538352280
17891548805154540216
17894506956506767632
17896389778239174900
17896743256907976283
17896782057739072735
17898480374231205194
17901004379643692202
17902487051917676769
17910680954854413052
17910744544568175423
17921375163729908912
1792435214028772547
17927300998962807055
17932452002192293717
17935539636145670545
17941262451131729307
17947157194343859688
17947806332188616502
17949044337620782910
17949896906974846243
1795110985047597694
17951257987637388022
17952387760417530836
17953055888912188965
1795460129871008517
17954604461018051065
17955385401023366317
17957715633786075962
17957934727210826373
17958330592085576136
1796022563799444816
17960650558967716255
17962245672578312790
17964760334809428307
17967754684617062806
17969367496223587854
17969382770798430496
17973004335912752462
17974994587957749658
17978239870175096240
1797941619447229784
17980300691470575576
17980319242466725100
17987861307157436289
17988727066044983756
17988940674320990684
17989734643566830295
17991724655564046634
17996358567011161271
1799873409026325558
17998798996293398364
18001398838651776536
18003811697515760617
18004192922010350385
18004726635697906525
18007985170938455547
1800865968408606258
18010503026755717084
18010815871692785629
18011262022539669051
18012087168324663222
18014573870876755438
18016227121956281195
18017440010052810548
18022819836563758032
18025758438305469982
18032025161462951691
18040205205318217988
1804044452675718366
18040550169264966189
1804160508509106669
18049671747854914907
18050449299085592293
18050705608809237985
18052100761078648248
18053959716550378023
18056465718335660648
1805688301608866156
18058642840356949042
18059825777585957372
18063645382697795958
18064137846383351847
18064639764475352905
18066449194125424496
18067792966618578876
18070506645442792636
18071523223487282077
18080809321842070059
18084648947173977165
18086198181454023699
18090790470550937106
18091754646668839210
18092552891943236582
1809259624386391484
18092661656819464503
18094388612789312846
18094982712372041976
18097778381022636701
18102225492161704401
18107731509740225359
18111274414823292573
18114036148670205860
18116786608683785424
18118594218217689703
18124105386347002229
18124687425361952179
18127841828850410192
18131936938088083433
18132436912921752968
18132498017739316007
1813320965007958191
18138721058434539470
18139623242069267364
18144928464184165158
18146179516758243286
18146347888712885333
18146837378525383466
18148538716437755967
18155315849651405941
18155883409046064031
18157944186847607148
18159458014007047786
1815947034023443378
18166122618222950825
18167640823144516858
18168795712351055980
18169740585769420843
18172151640158569837
18174581103913116759
18176954015458791470
18190258414570238674
18191178818735950489
18193594393335192194
18193670929889448405
18197903513951938471
18201326834989065594
18203025829590187710
18204348022024804423
18206701377378930381
18208190598981814367
18211778083094221864
1821186426074042418
18215210802869179727
1822128316479176715
18227471868900251751
18229361081126863089
1822939805966644680
18232630448100720979
18232953973499038377
18237452878861157540
18242940531421317596
18247480668062531763
1824859645213897429
18250095764205578941
18250098246266339620
18253347150129743928
18254496215092630320
18257633423644268416
18258182290463388351
18258845014153830342
18259113806749011983
1826126204150583312
18262283682091976260
18263864511098023712
18264765569415057246
1826666509451301619
18267044109127171064
18273392644668491596
18280566808888677588
18280883712991366939
18282285785810934783
18282864842745388222
18285485464799961897
18287297455517020339
18287678643633850070
1829199035503024703
18293202696316295612
18297454401124360286
18299571615588828694
18301345321939915330
18316452930099379239
18316907888941273073
18321184466410317638
18322500227428608143
18329585565864651154
18334136499626916719
1833448674963849102
18337580570733645825
18337596846757192798
18337688729149320349
18338464510116993461
18345669213079039666
18347208384497673354
18349447856418113021
18349866077886680392
18350089916052435824
18350643096529197775
1835102008074381226
1835686452823563614
18365450709426026294
18366196878499574542
18368305734623886056
18369899982785107259
18374562103663669803
18375294854343659790
18376019200077936750
18377215624981067150
18378841682640748257
18378992954016717954
18383675543993261458
1838380686724773617
18384671372361143941
18386111525126870827
18390344676706828213
18390633218098042404
18391508127274182293
18396204845909116995
18399306640352590743
18402301682445620466
18407795844890230966
18408837396101275295
18409133827750611623
18409273188321332618
18411988260561383391
18418332371483025447
18420166074103566797
18422102109683582904
1842347099482677015
18425682963943622249
18428348003376798391
18429368060677318339
18431605138411199484
18438079163764633797
18438086562190560797
18439034431639401693
18439720308136812799
18441906406438510094
18442134624650825073
1844520209719976318
1846644565445187620
1847834312182836243
1852286250894128458
1853239498461010582
1856259674629517626
1856792110964691709
1862538273697390377
1866607533550358339
1867253258818244073
1870414624180164477
1872129623002071935
1874435464249043170
1874787557825348138
1874916531199522660
1880430128404232586
1887899313875888184
1890615126053409955
1891069613137782198
1892904705766560321
1894461297364263651
1898843805870632446
1900145408816670747
1906844815588971971
1907258688910876987
1908520004607162979
1910259929368199347
1910611104758870936
1911642075220929519
1917414865949210435
1917859140826213208
1922384400113709318
1925591358419548033
1929460678560929935
1930719282605816810
1930937699577919892
193281645608972776
1933728756895088234
1934181322407448376
1941039707816267560
1941199982952814662
1941470002480057626
1942354124259222836
1943286251563558064
1949398642109166619
1951163421083463111
1953366060100076322
1953387427267503189
1955903214610179734
1956604196998083635
1958304095104093980
1958390121648849770
1959047677959747394
1959226129588382487
195980590440140642
1964357750133257485
1965819455782298823
1969587438162257968
1971385338107623894
1976662382979569174
1976931961524519319
197813834326476959
1978872399059388713
198290266614476649
1984380207182788449
1984437133572901209
1984652679342753907
1987821131559869373
1987971631848769086
1990728781814254398
1994820634687727130
1998782312714472756
2000270703652550170
2008816251986553024
2012195617141410149
2014117752626600383
2020513914036328314
2021775811155258648
2022292955269123451
2023761918715979577
2026436305007940227
2026964105510776836
2029112929792544143
2030359709233250507
2030660460986921931
2032966141418169881
2033567757039277797
2035188061545778775
2035340046538756295
2043462662890530865
2044040157066764004
2044912264994713949
2046040148359041081
2046435539195560982
2047569438843876654
2048085077700570524
2051737177176899323
205173949009242775
2058225837285368729
2060025323897284855
2060859421992588804
2065304023274298070
2069001233643904042
2070969091391690114
2073088893547697519
2077258327870725581
2080193596399139193
2080798727077055643
2080824182611884773
2080959487400432244
208369059633576429
2084376792101242795
2084945727380104278
2088830892678059195
208956527569696541
2090945025923761693
2091723554715061731
2092185074069160019
2095434022242465265
2096941242498572481
2097622748534452942
2099243185311115669
2101773801613719656
2103011012653777801
210369803831747826
210778092250383598
2111695376562130478
2114415054545618240
2123063890694363737
2123102646458203608
2127676011283524959
2128522198984124086
2130521804796146095
213396228419904708
2133973594215256033
213397460443418507
2135145122238797030
2136758104163371156
2137273684650819242
2137811328750873655
213841561942922846
2142462020965651142
2143285072990530011
2143538428693159820
2145413211596081944
2148766805988745327
2149639236655614997
2149921529113643968
2151115750584270255
215371562296801208
2153722328432767725
2153884074700923512
2155724324660702504
2155902724617133981
2158167670346913792
2163118226237999362
2164652219881862968
2169437010596573026
2170234473892199461
2172044534811112713
2180588474051766869
2184120810716164752
2193184425143215561
2193498104076850657
2193717804116742747
2194365167500435481
2195606247826467681
2198255434366872915
2199492128051572648
2199751441101316446
2200333196951355485
2200864049883852662
2206443533653804636
2207205937950131080
2207604268882061429
2209709668640429427
2211657886464797173
2213996123563302541
2217846742885454405
2218858802196403365
2221588413307994160
2223835946971001771
2225765230607992872
2226329802551496457
222664895780457751
2226801149205785641
222727710770471921
2230213347242439821
2231390620531986234
2237892918616672278
2238037492821233433
2244786530046896801
2245414162262557999
2246282370629996709
2246445417413805417
2247757745395510242
2249433313467428255
2253038913214513075
2253317125127000293
2255088030780861289
2256360421046757948
2262648183145493181
2263514893286479942
2266913324315929052
2267175509711771506
2267432291272572839
2268726338283817637
2271137122973644447
2271808308354386856
2273735193209472995
2275237641735279698
2284362844587372755
2291926401774935990
2293656932934940830
2296249863922076582
2297758788653275586
2297812782956037273
2298463832982582357
2300798270568784477
2302202354704023474
2303391460141623686
2307605894604310576
2308844909588544009
2308935344746565521
231111609979989708
2323309570413510905
2324158207491763169
2325847219529731573
2331282913237393702
2336616418542237803
2338810811056587937
2345891630910548241
2348855960350872464
2350041201530531065
2350968668051543007
2352026696249700159
2353926124971678825
235667293487078075
2358782563801532452
2359408422624421786
235985108815209509
2361702820061220722
2366836908273679768
2368410538269923573
2372693002030836447
2372910008945478648
2377396310908247372
2385520290180797254
2387608123799646162
2388293551064403810
238874281912570029
2391820398741892403
2391853084338771484
2392296897694166159
2393685829200826439
2394543759035116873
2397427065791103767
2397896239293631387
2398891013807157544
2400102194657318913
2401905048758777454
2402129046070335531
2408144262713173145
2408789177542211134
2410652653667313449
2411192912371624486
2411497662849361377
2412751610338461155
2414681506327601626
2415173132116745538
2417886941578104155
2419122054644756181
2420113667151823214
2423177925241630862
2424326705415073517
242512278927094022
242603640380065275
2426386873904756376
2427745615064951587
2438222667916874118
2438252727954225381
2440599855560762801
2441095765496799385
244138952619380543
2442235313726963389
2442253360963392777
2443899071025629551
2450565622412988491
2451764453257378518
2455796006203129347
2458114442433715625
2464091821288463285
2464275318749559576
2470474502274117359
2470953843234020873
247304201345729590
2473195475556957158
2474243310886800348
2479469591758211260
2479577009823059105
2480060252046704375
2482208640407318868
2483211844051615071
2486368263223178111
2487951518389451833
2491697181121257498
2493687746740150108
2498043491092558362
250342280149268919
2505259252908356737
2506221714761003861
2509922990380401680
2513316943132529710
2513819693854721323
2513980208815785420
2514004418098250139
2514410096228321747
2516269691498682845
2516352241434258357
2519990906941250698
2520435504506704120
2520631539075810725
2522484631691851590
2523728584342463970
252523185295385130
252914602339737665
2530188885661730546
2531514179767849878
2532124129545871478
2532158052352393127
2534637751960381763
2534701315309916401
2539591649885512636
2542770443882238057
2550931953488891671
2554744129769491126
2556721312415884017
2557161250743784840
2563400628179753821
2564293867211876841
2566861365955237341
2572113611553385082
2572406038151778737
2572546820076653937
2572929316201748700
2573853909337821732
2576607223148918253
2576807598858995565
2577629215773764805
2581942177536910169
2583212401182687826
2586275593234808783
2587247238581274722
2591668212821569410
2594184312651033376
2597737540050337089
2604325072302925275
2604901018154444302
2607944739209529164
2610669616610393911
2611686721313681170
2612213682592310422
2613043329198820030
2613598016517721698
2615602081504957124
262013497924437619
2620565461797190132
2624981734592834754
2628118099232734747
2628584830440600395
2631848173898568962
2640828470905402818
2643383643396509597
2645184336600840918
2645805396256472933
2648195220172230652
265058665158391209
265506114757766872
2655225334709018474
2656849608160803410
2657713131252485106
265926110662667941
2661562418455032892
2671078355678451392
2675654782521130852
2676216209078357664
2680002142626843844
2682361122577343876
268554322782376850
2686330818287595682
268641716910362386
268975019598329217
2690775010579899180
2692092908402143679
2694376615582384230
2698200994532117087
2699351952407274222
2699820568017608276
2701825245316031682
2706191908607534839
2708413066677494221
2708588156311221603
2717109338024783069
2718296655096671001
2718376689369468241
2718732178512322661
2722312691225987841
2722331589687703214
2723425011897074110
2724230861745444302
2727989013344166680
2730498803023250746
2731502645031555686
2734154445678395653
2734891861104419070
2737253413834812250
2743421244913460291
2745393184170604066
2746406269049050831
2746641942440721799
2748080458846377780
2748828777146862463
2755111191675667384
2756367486395482543
2761349881133918869
2762553712301432084
2763422183140283318
2764339193627664124
2764479069861892721
276488564319222029
2765703258543950503
2766626267928526002
2767180198160329257
2768317464415410871
2770711889497927657
2771679178899018986
2773585728943052538
2774233866200595616
2790675517966690274
2791474817543902357
2792124765040931390
2795705184569284532
2797493642323766008
2804135613346067819
2808271058495078456
2810251901647177952
2814928870811055284
2816478913270714735
2817665166289914492
2817688715424012477
2819559205087252108
2822969581537433340
282312166394939533
2827931442751923945
2828675296232745046
283113253655910134
2835355712363166740
2835810479515254543
2835909357702719028
2836853305037481495
2838466324650875557
283896804191233217
2846140570642433215
2847478178502633435
2853336233308398099
2857147673820342557
2858203722013797625
2859825164357938987
2862559234833740407
2862607300991190962
2862845934912653675
2863620256980618261
2863942919019181420
2865442658552769092
2866360302917578139
2866871228968040493
2867928502419835239
2868246735796745882
2868608674516424169
2868960942674138000
2869874304150258276
2871972686595777347
2874130244468695887
287483041115720981
2877250273432212146
2880689961815408201
2882931139650262567
2884240224545200970
2885764522949788388
2886101631665725380
2892726180756527018
2893686227776599562
2894514119091286858
2895915459845001370
2897712216952814014
2900259443782689454
2901094886304191547
2901490402326866304
2904338605215007079
2904662752158940396
2906683297197764562
2908635611465516618
2910020395646625192
2910982562648109779
2911415608755954123
291201107916221675
2915387366178840709
2917117063961807455
2919131665231891418
2920936118683555900
2920937177758900694
2922555310178579340
2923187686411238768
2923307137645075362
292396798338949736
2928022723407881645
2929743632351785617
2930409178042856893
2935512544206510109
2936154873152741948
294527938290141212
2947002610996656192
2953684401208725791
2958845553093926294
2959356290281764463
2964149212881150369
2965589172947384902
2965629217674723196
2970084034344587080
2971081605793564572
297217558567621074
2973207527081692762
2974498533478942367
297492130485014529
2975379190862987036
2975705993836103906
2980596735299970576
2986156391715168494
2989254222463846383
2990801578998814903
2991244781191321625
299165223605346547
2993762822878479836
2999821313173222681
300024693789568190
3000533230688195182
3001888926164711260
3007686605071408403
3008014524824171175
3009370915004153564
3010478157175147638
3011664814509607316
3014320265389714112
3018337440080830551
3018410230294938620
3020147494212250064
3027005905314030847
3027525228921047581
3029689435055426267
3029797374943651318
3031565183540737867
3033941276633322154
3035499315282238281
303672621234566172
3038421446663747693
3038436212564349970
3039409902262910926
3039535344608757046
3042978130140677333
3053312094622190429
3054621218539538072
3057089557416622918
305719465230059796
3058137058989937825
3059211878147173896
3062407498010874091
3063068786498731274
3064708840409245364
3065590358882449737
3065766174607136560
3066157105160997671
3067252283141016182
3073931848802426215
3074874599926591737
3076601468800786454
3082566489793768001
3085611364305046473
3086209731347914585
308688722566665989
3087997716095361015
3090491063397946877
3091223290923666444
3091389664480911988
3092614035819582561
3097803180683779116
3098363295068800673
3098892815340355249
3108344363713352221
3112296154483612760
3113055435309340302
3120517059563001329
312114603473991745
3121992045520011283
3122477383916726742
3127180831471765322
3127492683360508507
3131576451589701256
3133629392631263534
3135827060423960927
3137380414153301334
3140761608613199292
3144329530440511414
3147880551322442384
3148001966579214244
3149457879431187405
3149820059381088593
3150955652158021773
3152363399345917246
3158185979797738873
3159892269381896498
3161144391888883375
3162583077327276692
3163617034667516813
3164047913211382915
3164250630270601014
3167438958844580773
3168198090664625087
3170652141409799351
3171031004343716872
3171431435246061227
3174775861387280542
3176136743482522530
3177585551240269883
3177735130216961317
3178686377238314440
3180153957064964970
3184466445975576510
3185312752648655615
3185632799529156251
3190176783565951585
3195307807357317649
3196400896074513710
3197885195207899979
3198254559298352620
3198392572377993314
3199261221869198371
3201235825431778164
3204973043694960747
3212639633489597415
3214108988680166921
3218120981661404426
3220121810866752439
3221988083795928259
3222193207902836600
3223297852091900288
3227191360121022696
3227349242544763738
3228881267899649676
3229637028077730004
3230042450926194186
3231966476943687724
323501815015825666
3235059060383941140
3235375191170898702
3235657042468598680
3237876660334600079
323827346750458278
3238589253457130820
3239184284682901692
3239396089005824430
3239683981913908916
3240150846445329299
3241304097148343631
324226336566927318
3245826062187253088
3246146036345489828
3247212250677973563
3249377529534493013
325201723844752328
3254397523943306345
3254474542916920523
3255621109229661103
3256082986410751202
325996419609454313
3264071081841213693
3265437877721971602
3273370800423626170
3273462721145008476
3276265852864045334
3276295506808644089
3277617076792666075
3278709058979320489
3281802183203166158
3288900589414075789
3290327598515340455
3295643408714835945
3295973240095907836
3298853694244425673
3301150046362702509
3301985786019230943
3306346041544894784
3307119266316815943
3307717559662829484
3318833797862198414
3321205080126779514
3322343309613951848
332414805243739957
3325964808609402709
3326214950292460764
3326878380647764239
3327956903797661598
3329968017113251128
3331448176599956450
3335036102591039134
3335143345593700737
3341076832909534543
3342895641457752433
3346684830251487445
3349918477754458764
3355379518708574393
3358612497746547050
336015654755226884
3360304362695558284
3364485527231155342
3365283661500978645
3366281007514290267
3368559711700094711
3376952273898193088
3379611002888755407
338056515778169805
3382074644569885742
3383439014650351007
3385407743776903749
3390635956715120327
3393206215441251120
3393320214333743467
3394631145333600318
3397492446179380672
3400185115930717220
3404679355338629113
3410193210389006195
3410836001803865713
3412824303524359205
3415293177128936236
3416556605682343777
3417738545743756608
3422444418495626110
3423314044753651255
3423574153491535022
3424147972126095283
3429531381623050495
3429537633230405371
3431388248372370311
3433766785448888684
3434058453905296694
3435582296774258552
3436236107999557384
3436959059472318804
3441445707061265101
3442370785741390900
3442686910247237515
3444317469499384706
3449106203281378252
3449916758917941018
3453329917236228264
3454456815658432129
3454513976554032710
3455500412491279608
3462705090967723680
3463906038398136768
3467569818731256987
3470854562134743688
3471002597607004637
3472834145816146035
3473347824655892414
3477028800638620080
3478884711499012305
3479803479971000399
3481202648447362718
3485266502118272229
3485909990663108683
3488744771992387451
3494504611892119938
3495979648943603545
3496458588510753835
3497364283890337009
3501864239880853032
3502913532959711281
3504231085998106474
3504818965630254289
3505826357804039841
350837188325313940
3513220893424262054
351451765444603410
3516476817527243016
3518004521435660697
3519437851318773431
3525135119173082569
3525275716421175016
3526651027056348718
353022686721948788
353261229640079523
353295372918637244
3535106256842837083
3536285056808101110
3537189219082325946
3538614003504364240
3539446164586323681
3540340888770957230
3541454280097577502
3544023667460654857
3544869472322675228
354536531762217392
354822888652640280
354892880437097349
3549232006273104185
354951184506995596
3551069384002810343
3551124628864158072
3551254591572802972
3551937715547541387
3552494483668262141
3553603088092338310
3553917230535982310
3554485933478594001
3556086962089199939
3556150972772074074
3556681537249600519
356444961333607899
3564621334402121436
356520759127306862
3565812654697806077
3567588612575035793
3568797856672754437
3570097515876249122
3570312595834508604
3570994571534168954
3571431877773604546
3574050822538318522
3577743536037796835
3577794938993948534
3578168960945874886
3584119939330328557
358631191991424086
3587109178165525532
3593378153051375687
3596306715769804991
3600001216461530497
3601763205333052719
3604966011363580932
3612502451440973300
3612742036789070596
3613146287156999078
361354142059613223
3616087441247454623
3616903756051081592
3620560930205807031
3620999811172328527
3621268930972697771
3624221429928060180
3628010692945122160
3628547113889724780
3638590109204854976
3640935315816398710
3648207962258004008
3648297763513979128
3650889600132096622
3652553057967639725
3653539871545041038
3653602194144836961
365631906512420446
365688020468324177
365735201569879069
365955531424097766
366105208274906454
3662955837967138659
3666284986842071544
3667896676804649688
3668805027788081104
3672308030394080779
3675368174329051918
3676616203087772247
367874685721681175
3678823305880085025
3681096781982758346
3683254833021288454
3685522406191971071
3686856295382360932
3689848670533081350
3690164224070980336
3690420226975909455
3690536818887696381
3691415835070077041
3691508589820407692
3693744413392315030
3697880695880242751
370302350675417413
3708510901769832663
3708753490387370753
3708871997644293156
3710786343390329106
3713759129693061425
3715528631313904651
3716868774242011755
3717664814262300051
3717816843582793672
3718798197450811238
3721592406195149594
3723383166225851548
3723843092276655015
3726242106208559677
3732961425735845984
3735440541763247102
3737266981357817510
3739841656557225341
3740383662426502500
3741364231767997042
3742382215498299782
3742410005638245011
3742827714730722571
3744091394802980108
3744703995963379247
3745056762680788611
3746718345755201302
374702685018879368
3748228383401362521
3753659085055247039
3754212245406605743
3754625521996372471
3756888209761673723
3757182041221863228
3763719951345110747
3765451564129594357
3767286018155648103
376759480338723360
3767908989730458680
3771779167076860393
3771896625099945837
377216254167752566
3777065535689022260
3786737182437226288
379215022417123185
3797436037676212406
3797726014114278560
3798036148190292771
3799897130653957605
3799978853957289057
3802543872482768482
3802680352640446311
3805352297163419392
3807189525665163345
3812543643284052044
3814152722039716442
3814309726599641728
3815506888739902510
3816969462498107151
3819104371184660541
3819859849405847921
3820073459023308984
3826766012827372355
3826814635182624433
3827567801261068384
3837470583627585339
383850921950750890
3844972815527455338
3845982105903226683
3846407587890855348
3849148597299020395
3849843489697588112
3850319207578900543
3850331626489984373
3859012993382043144
3861611648220778830
3864252056844029078
3866091753891609991
3869952334083429530
3873694548683757699
3874515365654255924
3874713483618900771
3875065394732553608
3875295138161681369
387765179797076312
3878318618728345188
3881600691960991407
3884066622594838652
3884526198775829673
3887330240108137961
3889436910609130915
3890206819083679808
3890308001572201815
3892603921378887484
3895849437340516865
3896663892550535511
3896700376474406018
3905396691358930738
3907988723845335802
3911471068563414293
3911746743941515580
3914423655392798382
391499291686753463
3915823654476363334
3919087474871679675
3921743688643849371
3921996178330711809
3922856492465887115
3927667530971781843
393193240906036548
3932240865220297387
3933958792319413576
3936026589824497275
3938684277538068523
393891607879730339
3939097357212775139
3943702045686780003
3945360231739565700
3946985886307560841
3947217881455798557
3948136932143739355
3948522339958515807
3948674596086442666
3950568151983724188
3951251102776390333
3953654674528194667
3954184046653508542
3954316707547166535
3958056019468158324
3960445590362236818
3960509007889645283
3962446635472905754
3964308176354829001
3965440180567252160
3967135404014599375
3973233747898753392
3973626004246723402
3973873876007102154
3973967665039771966
3974063128767924116
3982407569320511392
398398588047892810
3984725334966004993
3984785250494800127
3986004280180563414
398657855742774405
3988001473291538854
3988454392775762796
3993685004006232166
3997530602284275336
3998175966666883240
3998219962947674604
3998357131641560784
3998814947133359520
3999204649309085736
3999739407258278103
4001737636652127117
4003025147650337980
4005148598362637443
4008053206973011992
4009385360018663576
4010990080498367660
4011092337359316734
4012777381809596617
4018365324454644782
4018754089040117417
4022350072350541101
4023563889103784534
4023920263332063648
402556383372804391
4035147898849928532
4037523395503554480
403907949014164523
4039265617489089298
4040507190162011830
4043626321245444506
4043842050503992241
404455634780489554
404639301411004928
4046570502592223957
4046618293905270027
404986721596979485
405005448225431314
4058961208933313267
4061683249242859916
406397307775663993
4064298945010374882
4064767110817019197
4072554652805957814
4072602592067676096
407288060095500594
4074480562967157086
4075027378976492253
4075983559421874675
4080139958935492345
4084012260817645332
4084062707137488109
4084096515306657971
4085685567442223127
4086467673666246452
4086521540624457308
4092056147278058589
4100965085630002958
4105294264554563478
410547163798522046
4107750494200719119
4109760789388743502
4111618894359116967
4114649584996939039
411636114856260895
411723853960272582
4122520302500545646
4125118912854818559
4125946599341574796
4129025631926924830
413043575977737310
4132506863120628928
4132758074467685081
4135588043217249821
4141494214989881631
4141900527579342055
4142660976349760516
4143105382622044768
4144307594035011082
4146503747626285575
4148271014656095173
4148472136526610249
4149241716763847586
4149783240877723034
4149916957270768213
4149935496042535273
4151748229226601021
415494078820964383
415821698550692715
4162791598240648976
4166126570901794354
4166943151401351874
4167650424668125636
4170935313123243092
4172780036429865204
4175990022754227709
4176080621685023439
417720189953057218
4181049847680690507
418178891305943909
4182169657556545478
418665841365915867
418800269262928277
4188478885404544459
4193550969795640968
4194749241385746262
420288815981447683
4203746115018619139
4205141077898469085
420780915240050524
4208299653437016634
4208634015258792454
4209328468565017705
4210221288611012650
4211910550391037410
421278370435512282
4213842383015192499
4215876317856582385
4216624549949003553
4224073465055189457
422589383511737275
4226264064478436848
4227445722128589858
4229356905850335617
4230931540957269591
4232500696146694026
4234715391270328803
4236353500615383693
4241369732994404763
4244657846988676717
4244705504686340072
4244771762116273518
4245090968866798672
4246900547288579748
4247624696293394655
4247984994830806741
4248438819344976949
4250560409167691282
4254429246730265544
4256572097386929209
4256574530633766134
4258210176476482035
4258905490735767078
4260843158094992297
4262019730918387167
4262204015411547696
426343473040614646
4265841284060537498
4266410851152519771
4270657752296043645
4272093056787575257
4276499989820478291
4277112534067136284
4277472244991059073
4279819366290231146
4285732909760940143
4286866592697799351
4292286653552711764
4292595416946243599
4294823295979874503
4294930077557137229
4296716186946512330
4303746179125692537
430524493836315568
4307356559812429423
4307631855193393801
4308714224998816154
4318125894227651833
4323048511878442271
4323640373828785019
4325088506730602939
4326764866460037004
4332427746920066735
4334348622686140250
4339774033531160586
4340223139176365306
4340663917462611642
4343610152707178453
4344372513227213709
4346548581093868875
4350292950788017666
4350592464556395779
4351354076877014240
435534032014207077
4357624365532709559
4358794344665330270
4361324908630295041
4362905026504794719
4367068874300355870
4367237428628093633
4368285111632417706
4368956198297683749
4369726185532742155
4370180447553272115
4372484867831063935
4376305515021137273
4380526324425258964
4381688714712914960
4382029221412533683
4382179744222484117
4385553307054441560
4388319142620727402
4392356162765776613
4392673231909147200
4392843567618581149
4394168293387567094
4394621650337071599
4395998564425362461
4404241793233156735
4405440762810187856
4407967394995973287
4408525497046423969
4409261506956596039
4409704292115991989
4415664169684320614
4420295769407642504
4421475680146254951
4422528882094944964
4422562723793744356
4425338327696764774
4427847110495096540
4428681901258031909
4430878744650351010
4431131964547906515
4435084576384138069
443820619389143662
4442653987010575771
4442873045585834796
4443398181544080397
4447031332915630649
4448554744533243229
4452058169543465235
4454123800191780622
445421974531024931
4455905215614017206
4456597722895638062
4456741707834965629
4458387823017460985
4461072143048519365
4464332084039654777
4467890158164611896
4467979910560542298
4468242706913528950
4468527789683383132
4471598574628144123
4471638337732388320
4472931738996298865
447371424711636027
4475703531480849269
4478926210725735728
448054359944447803
4481148683720956029
4487615634518163872
4487716435838380783
4489600989227197375
4490497599707448398
4491066594629300554
4493110731399186264
4493898658164843614
4495334202403632906
4495457329887895966
4496485134419246906
4496637495253615838
4498122743459600767
4500870068688676395
450455711367203569
4505847154216761262
4506704929931564529
4511290988511264512
4511775550378085432
4512068568207212834
4516279408968871432
4519186061233069807
4519398803708235643
4520037015934081433
4523463936753787687
4524064901344889993
4526280316896518298
4528298110629866800
4531031011821960651
4532140665249053832
4534867287400670844
4536122462641847190
4536213270510328559
4540446449863576493
4541615055602984995
4544623758627744358
4547766653755607939
4551867605052812174
4553234450393905444
455553693845656905
4556250785732090485
4561418235845859310
4565094354561553269
4565976369112601836
4567523900438107677
4568484361348955239
4572224844960061889
4572297534674499202
4572901324227939275
4584825360025164925
4587682743369174882
4592769062627020176
4598682173064206472
4600084764331302133
4601125719641070841
4601475631090670622
4602899598823021259
4605878215416607215
4609416528949089409
4609885172036957237
4615294774267076409
4615638572529436879
4617301086953252439
4623144520199732667
4625416827053340742
4628408036318188314
462861107977133913
4628964964798248082
4633531859007503175
4633870046994094550
4634122110197622026
4634479930571772443
4635172415376481551
4638877001644617209
4647476628007251281
4648085307941070942
4651946480427426597
4654708359562040106
4657477624854523479
4657748395356581523
4660052338592978140
4664841129910191908
466512575427386893
466856835351046852
4669482153309000757
4669523808454828665
4671443927689782964
467227325116686530
4672852423760262597
4673325402376592517
4678229428119202354
4678371078614670785
4680703567719832282
4681759669833112365
4685132840042899024
4685557492293013815
468695335259973616
4686978693030382388
4689222801746657795
4689389781547412650
4689592879964598725
4689644771659424164
4690171748823880053
4691198489305119471
469811331638361368
4699122810863772733
4706432790918992549
471273697951100464
4715071701139941162
4715361493850599433
4723312568496882233
4724965742941363195
4732456896370428353
4736518020874249547
4737024581878988868
4738114570838886230
4739240218704613207
4741764116868011529
4742368586600164807
4743881931778327351
4745597957508456938
4747935963702868654
4748008888346775248
4753479007180480124
4755138619090291282
475585236017193891
4757321507771679758
4759542303385887476
4759718733010943672
4762061762405221973
4763448040858778302
4765801537139855303
4766839389400114325
4767702444106201821
4769821679532220744
4771823620881667962
477349244070358881
4775895747370370773
4780969086080673689
4786483473846383120
4787396288865281111
4788384006034774844
4790383428928474681
4793832897129787824
4794597553903523285
479523036792199564
4795745498316905281
4808464681406745507
4809413124960281712
4810324420279576859
4811714255547255836
4818234245650640874
4818970304897317424
4822719619031629821
4822999067921775095
4825660412000648075
4828026640105975745
4829324802113681567
4831090993244504493
4833094221327870507
4833914594660301343
4833915992798119986
4835345170691585571
4838101842942993808
484070176972110467
4843341106317558855
4843562197187643418
4843791110371999745
4848853107827592748
4850098962471812428
4850492158628437312
4852823949984517042
4853019417399986628
4854301433535350090
4855449069535802566
4856856061899924339
4858555939179520988
4858986812884022433
4860341148867537088
486621623193674028
4867053823246774364
4869543841927768195
4869820587410010596
4871686592933736119
4872568713400489361
4872577553670722139
4872760483048519784
4875072317751263548
4881910207713104368
4884617005643786996
4885286628431044022
4886904670993063990
4887611095932787292
4888067131241406297
4888170178312897702
4891305581002848128
4893553711513718100
489438693303231296
4899393289841305613
4903534148130292835
490883717544951060
4910088159305318504
4910287784692875262
4914026440181679930
491547628140648408
4922706526157662620
4923136477116559521
4930589992684398291
4933758156466227097
4937878457289429261
4942949662567605799
4945489111180710878
4951149559780158327
4951462979274183671
4952054437637411382
4952696269636536079
4952716843902735103
4956758323045786032
4962294045973908094
4965198108838204829
4965537826885788593
4966156801725557592
4967044619390287320
4970099279576421298
4976302194698713221
4977646189842628298
4978063420197105049
4979322748811404169
498185542476976967
4981961886394212511
4985296310497609022
498764716216328200
4988506607016976570
4993830518971931717
499494427789620136
4995982798164132631
4997444049407687930
4998994116407245420
4999334179676119174
5000008621428757786
5002773287379476469
5004524145362010491
5005455107876073134
5010734802888651985
5013441507874043172
5014435947829672293
5014502395714420877
5014787820473999005
5016009632282796983
501674032014244844
5018671547254804119
5020545217316727041
5020974940276104570
5022409933710188170
5022523533240472426
5023324842966507681
5024974543220692233
5026484801048478724
5028582062158954872
5031591788488001874
5038847838152667655
5041871036156463864
5042044380881018496
5042370126648742446
5043148732185749370
5044692417711901350
5045363829796263922
5047072212288242463
5049124236208423994
5049408165153821465
5049630757465845453
5054337792128897552
5055770994273363366
5058750215698495572
506320182150073572
5064556441935438928
5064815113283054720
5068686399985967022
5070858076094052968
5071805552151817028
5071980810204465470
5075268264854672030
507625288517668430
5078513534650429293
5079166440873702640
5080911679501577782
5083528460009986220
5083890571541139326
5084550595530698146
5085442707176409667
5086651764905733663
5086942941682302807
5089271005758640709
5089727026280127086
5090909500448039476
5091145551226194918
5099000701431217152
5102091378696032292
5103666048886432530
5105702607028876969
5107381610001890912
5107891236964830101
5114534716595799716
5116176905304250553
5123433311405571485
5124526867578046151
5124969114535593100
5125906029367021702
5126215581055255823
5132527442712694317
5132959753148782405
5133133613105065544
513592357775963530
5140554439825791997
5140890187337203816
5143653457971579795
5144191461067686783
5146001937218404486
5146561294449571651
5146664318090118673
5148609704769279239
5150618161127437681
5152784191889048494
5152920259003209470
5155867085255874234
5157201718378893831
5158504269135544965
5159861642537491088
5160211212668243883
5165294202938094362
5165473031168310290
5167413940927797913
5167819934673137068
5170303393538932595
5172218851878523942
5172800595991150977
5177374503715909144
5180436415541534629
5182029546138210055
518362064212663558
5185526567529018735
5191602391429771176
5193837621675094337
5194204149952369344
5199125749880551710
5200869854494744643
5201328427080159253
5204108626539692637
5205959810941989623
5206166470138702986
5206273015956096876
5207073777655543082
5207905172172294078
5209829559057096695
5211414718016982513
5212016432115345538
5212130694881046543
5212192808236188313
5213464906413299604
5214529145340645108
5216732828107445733
522046465141415972
522181781652350891
5224993044505483722
5225205238563094352
5225755495517265083
5227416390373452610
5228005608823333681
5228249557039964635
5233396040654329510
5233436563274762672
5234140117853765148
5235378772318788762
5236789456770648529
5238691986651774183
5239641501844674364
5239771884967239372
5241770739100927528
5242535953290695213
5245056310251927367
5246849658128804374
5247905867999050335
5248477642024396562
525298758034655447
5253103258856818130
5255471936979140539
5255821223771309888
5255979265278452845
5256487735647380655
5258103045503465360
5262405496809753714
5265351320653160472
5266620856354445148
5268093877274959550
5268658609531754204
5271476438252027635
5271798501220826606
5272489228298468944
5273927458068089481
5277725354166848306
5278748493009735198
5279859606031193851
5280212435621483708
5280707213783839857
5281006334612397634
5281895837906884675
5284350698219197104
5284449068902370064
5284593062481961954
5291952710196240663
5293487519026782526
5293937151359834047
529659527042640642
5298763863197760482
5300636595240783325
5301326738530176130
5301939723423526707
5302248948868051006
5303338447838806372
5304034001390251030
5304073056528500553
5305353749986243388
5306520736240501243
5307845780164485226
5313855967279768764
5316928527286581993
5317885163967198280
5321276673734317649
5321311883086146001
5323202442403505261
5324226766427359537
5325540056343823677
5329767741544408648
5331734281995793815
5332342104988662604
5332562365865694036
533419087326145687
5334203093055804838
533673845880642653
5338292966469326965
534007292712270595
5340158802147443065
5340293242995263812
5348974670562315273
5351379516881037849
5352629985294366965
5352826783665855043
5353644333763626509
5355036914592929089
5355038662991255264
5356210822608745937
5356662642297976493
5358115131443142195
5363089858899866500
5371583251915665135
5372539427821426087
5373806489669590776
5376314779531380924
538006701671906995
5381203657841695222
5388680150269638517
5389901917034643220
5390719758113844135
539190474458586177
5399023855540239694
5400694130827819732
5402661453245749975
5406308992691137803
5406707982053972160
5407660405529925954
540927818181657694
5412354883755069025
5413365205932644365
541373583955930331
5414832120995468624
5415321382893207772
5417010077548564534
5420085334335838251
5424688107404290185
5428320841129423949
5431566566062875402
5431967874649719695
5433134042661181460
543639033010388496
5441519944887458822
5441885037962781034
5444461382610776773
5445688615812219382
5446333871932075470
5454883928360091540
5456126595183673067
546387705439514187
5465006218144283932
5465314856337105375
5467929368702961567
5478170816718607060
5479315469961816095
5483614520833937359
5486081022843743107
5492350295619108211
5493710222847896762
5495073651543515808
5495596116386946728
5500381742490724216
5502164667486078074
550275184661932456
550312122678202574
5504686510106880202
551008995648742183
5512797875190713380
5516240185079702431
5518658490845363925
5519234717633698683
5522864603245360215
552562679008046799
5531363747770716529
5532047153809885056
5541401279415240286
5542101591727077873
5543846165981562251
554634965866533822
5547716003179633621
5548845132520098622
5554832121806847116
5556985421366109079
5559109384774389637
5559693158840460246
5569012011001823316
5569788329126399560
5572281811009514663
5573695434867058690
5574059637302689208
5574182834864354917
5577391814493307708
5579126506424250511
5579335474028031804
5582174016453935904
5586949025564325789
5587248780873147497
5592650020908698904
5593196144518893834
5593981294664490242
5595820857226702543
5603568255521294227
5605561173032774432
560685913216044602
5607181423289848366
5608445752922908351
5608732619010995946
5609625980820891931
5612828073514140078
5612887044105732010
5615402103002294240
561547316369554204
561929484075739203
5620502763609717069
5625666507127225502
5626317265523714296
562750158651665669
5627962263870695365
5631808965513098027
5639208924102455959
5639332016397394120
5642242165613181147
5642436163128061145
5643096688128556905
5644678693910069605
5644982353177841375
5647805953903088409
5649741691977160644
5649962444677451227
5653916609207142458
5654781344642398498
565501758677971793
5657028012605781275
566031385855176744
5661292779366388316
5661755355822684535
5662196820848387304
5662759033037207399
5663395059347855538
5666444706315203010
5666448884161691860
5666648083441028019
5669999349974848724
5670162565488994778
5670705047275712694
5679471809920750884
5680546562727182216
5681582306130220128
5683772418626621743
5684633099217674844
5687221853394409382
5687811837647216779
5690371714413986546
5692020395142968279
5696617390809041589
5698034449009749877
5700142516280466444
570164945438249273
5703201408067165058
5703234992874047014
5706073831555177611
5707499589643047280
5710216703491936956
5715041277048875213
5715389532665225718
5717196107938478589
5717542173870379145
571843339029327326
5719605040591699364
572140102326637378
5721693481387319392
5724928624507571440
5725399284579096880
5728005212717582759
5734027178215207585
5734062288238339407
5735048665609541816
573586909268988524
5735976939277749452
5737516386979524211
5739507086916954407
5743369752471932083
5743605437716618276
5746851627138093889
5748961992598039405
5749739839450138583
5755881930705388978
5755994067282968617
5757543734835061802
5759182992948252820
5759854550018495550
5764293637849120580
5765535796467645485
576993813756421083
5773196772398209923
5775025471363349817
5775857715362814694
5776971015745859376
5779794782831601021
5780341544809438833
5783194225353232873
5787115789688589798
5788325383747248807
5789674109407981456
5790552297919795388
5792735301761591320
5793416864377304040
5795226046319427415
5799943991093245774
5802998493362018671
5805293408423425776
5806923956760039482
5814885063720700535
5817477371647686150
5818259651028983133
581890612409393880
5821018234473213232
5823947101497508522
5824405856992562778
5826644697035900159
582720217703406608
5828464820550072169
5829053928928006841
5832614855898466515
5834731298166757629
5835476160671457258
5835723209406590956
5837932111681376360
5840636317286027719
5842516521809574346
5842645151514820743
5842992776144555130
5843433833395823603
5844226920188123508
5848252374865416625
5861921150781612489
5865036538524719933
5869589377975961618
5871367951114336936
5871674650805453572
5873759492550817399
5879048994737186229
588648636498847081
5887654743113184140
5898838198345489000
5903453824006799030
590647662185466620
5911014174178498081
5911488756841307466
5916094490182757912
5919358379686435735
592186818826172318
5923308434443681398
5926053002464511574
5927683323267601118
5932225834295631886
5935355783169104429
5935484291540394699
5935554852102818391
5936360673048305681
5937141976281587234
5942221891315639970
5943848372278112316
594717974839580648
5948969198215754057
5948978297496924844
5950990033860265452
595482919793839380
5955527362049902328
5956282641548418571
5959387730346605735
5961213059938943122
5962615385529887642
5967880181226580222
5968959432566922383
5972013120840500154
5973068900729750062
5973892397168761232
597472684797896446
5976385330239864256
5977740881908355145
5978781207570738116
5981796910334958251
5983526716013098889
5984407317687293587
5985508606521806998
5985976522382267905
5986023353812320499
5986710520641473457
5987203240052066410
5989386856726848339
5990222506403986887
5991129296222644146
5991441457341983076
599278887304055037
5994181956965851457
5994555207857068904
5996791746350165296
6000739024271262068
6002611420691137395
6002822242157374258
6005434505065903502
6005482159498659917
6006934471849813192
6007914056955727085
6008042796808768667
6010641639036403578
6014434938134127873
6015383460385087759
6015654507665845659
6018952417274956073
6021208059640139613
6025720842346074750
6033225744691707526
6036212648496862564
6036416010139211142
6038359630449797454
6040152355837937194
6040634617349778825
6040814930851841461
6043197865157159568
6044724458137686372
6049250407777009676
6050854504573820394
6051404618015710416
605225222689846860
6056385727623031409
6056600694395156958
6056746317182248116
6058531319745756768
6062715969840987735
606517216555633442
6067531488387496095
6067827650561467861
6073654945542351485
6075063573413416979
6077085047039163724
6077114422208207376
6077590348936719751
6079520624018332742
6083864211428589312
6085181372254413451
6087679852289442969
608814179296859106
6092087361094101431
6097433856151358298
6101041739739172639
6106157913179562582
6107753131943135370
6107952052934372203
6109557166780918192
6110336391984079559
611163580800403001
611606253625327827
6119180451395979776
6130454306675259829
6131205928375852041
6131989168416783482
6132295509435354032
6132386693860857510
6138510518711341216
6139402004413972239
6139897523291542900
6141713580005397782
6143518818737331231
6146293549486245581
6149366934739891448
6149738554886375103
6151775488188527888
6153241604256123769
6153539240770177593
6154603880054937890
6154973856606859702
6156848776885297174
6160904911573860713
6167508229627372152
6168447462378420536
6169657444592743158
6170734716490768825
6172339947367765892
6172449537344405126
6172687250326890987
6173077919235365944
6173350500515955377
6174657362080761668
6176393931828648239
6177100167357040083
6180384085684182267
6182653385402086474
6183357141849791281
6191669443938434121
6191937769074749484
6192017511588925225
619216653530778659
619243644872455495
619482143980431229
6195118384904522770
6197412459891281060
6198402196229381176
6200830397078945341
6204131630038128128
6206658930494542318
6207212354005436450
6208862339663324226
6213316754432926982
6216759916116255454
621690366591923634
6219260384000836345
6224152370430396555
6224214121672915803
6225715387029580307
6229146159531901492
623226625911715363
6237551850213006871
6239212684586107733
624048875925066611
6242836292237445767
6245437706644371596
6245840979410780541
6248050244993457783
6250037886989930241
6252329123485939642
6258182180200667888
6258638720632667719
626171084430415440
6263901320770891683
6266562348188235133
6269677492933104175
6270009304377242854
6271222530514829682
6274612099569960790
6276965857860026590
6277852711043171824
6287487391234914636
6288284070354755649
6292491167375323717
6292997595065102919
6294056105828025109
6294160731904048435
6297991961374464844
629883323490444079
6304304156254658860
6304855021154202428
6310780869551492720
6311008894706904311
6313095774922212957
6318413219044804484
6318467992034575351
6319113045788342351
6322166743020527496
6322913364357147022
6329791298296500889
6331597602859098285
6335815474471401357
6338501728168615767
6340187536535947698
6341502227362184774
6342279249203775526
6351000577200301188
6351029732875519498
6354904375070860587
6355658786293864583
6361047784736225452
6362205814203957560
6362674438648319175
6363388040985865133
6364070879996672044
636712015608380424
6372595193741168396
6372821458457417512
6373119386272000438
6373435828039095264
6374535020890865570
6378183262783448673
6383262861023768639
6387206081646990546
6388336586198322548
6390975137726924893
6391202346156453767
6391711130027535684
6391769809937541805
6392596280343269946
639346761975319026
6403594647363173717
6406111180885107772
6406892954752857437
6409549408434693429
6409733369814941249
6415398335614736417
6416057016550280047
6416454005956742836
6418944080806349871
6420424784518881706
6421165205811992602
6424090456910730363
6428404085085240292
643172868461587940
6433082707031953359
6433180413948534056
6436071748205500985
6436925813522769422
6440739727327696486
6441365969658619331
6445176788183506441
6447672882646232507
6449077964267489385
6452378270558079798
6454736856522977689
6454950738896588696
6456106549186661426
6459978365512682881
6460575044581034299
6461270398892069517
6463900584415510618
6464998805366323324
6466305143881942015
6470699551525578403
6470911947756704267
6471037465366697880
6473673136947730729
6474864567862355845
6474976102412279043
6477762220730977770
6479091477014788770
648172305240892011
6485052553091534731
6489757946491008994
6490108494338395779
6491912120840888903
6493392339093278820
6497724184070647230
6506187454819549743
6511622836394848365
6515783806179451012
6518146251867044161
651924642447665153
652156402600668396
6528623856030873325
6529442362536376395
6529703345520920415
6530112656299694844
6531779004285733387
6535706906083650686
6535908287339075091
6536477563038141134
6539589756690466882
6543786281113168425
6546734927551229658
6547858219163730627
6547992485915812423
6553532449429254039
6561888291634820505
6566282569706512888
6570387368315858126
657138697970413617
6572177413355912266
6573587534025648973
6574504405422029276
6574513760776147261
6575045924097750122
6579414286306081301
6581602168832500037
6582213905204042693
6584717038830962090
6587908441254463849
6594700601123620080
6599040153100867427
6599498203572777765
6600941864300689006
6602935582749369162
6606843744862764087
6607903321732293864
661038680370995875
661071669591562128
6612202976358387295
6612677023763489422
6612972862173719364
6613178805849580073
661658505739031737
662320383796103377
6624924045622993999
6627610978709657824
6629083021265480732
6633081650547725086
6634707505833850732
6639683274573177621
6640165951762129390
6640220430386297973
6641739856267262317
6643768975440724824
6652409739043325232
6653226923593905777
6653369735601436261
6654195536530470578
6654687429336796978
665493818238394553
6656922307274490138
6657574403324958176
6658441084668842957
6663484965554662997
6665417319715553392
666680004100448911
6667821936228822179
6670102076507580420
6673973318463572755
6675245560623280460
6679578308691553794
6681270125573466869
6690642495306356441
6693914621007216530
6696247730761334806
6703624588661490334
6706478323854200827
6710490600595147793
6712306764376916269
6713021392698480294
6716107712091100900
6718140214665641607
6721338398208309482
6741226517490631814
6747783012420628316
6748988311056516439
674929458040234483
6750056391681820767
6750392669766955010
6752996491235043535
6753399507706971547
6754164875334936091
6756589480971249112
6758476850313934638
6759288689994116764
6760416979217652540
6761696222301349597
6764690529077950438
676485139982691484
6765226921746020221
6766818860312597532
6771516898989965057
6773614491123238801
6773881139374183030
6782707708980178601
6783906317075216272
6784122782136516082
6784153921581714654
6786512173454853939
6790209877834342911
6791867450738188997
6796889217587672946
6798111312798366880
679900578144690063
6800304169251158758
6801327349260725858
6803453239541841468
6807007978310413961
6809488457741369666
6815154580129705642
6816560503344240337
6816606527504377047
6818854889538091671
6820174169133310577
682146954706425586
682412208949284442
6824297089265951511
6824898669000166859
6826491692018545882
6827865589407619317
6829845630386846429
6833001211207735252
684594497666993913
6846021697555165673
6846743430661986358
6848039340362613816
6852211236121297936
6855025864396596405
6855566372558450065
6862706199302140594
6864594137092532025
6868417879164900300
6868494616280332883
6868795971128745344
6869000542714863980
6871557539632054590
6871811641807749271
6872377081315999883
6873595197163072988
6881032131933812567
6884216183543902923
688815083985622894
6888304931338879002
6890645793047666729
6892450874288304583
6896808544234269976
6898239128233894775
6899508827634458845
6901582021392955900
690674759580250222
6907665155663681328
690769539770218561
6916558288504711555
6917901181533644302
691846357888783510
6919608559409764922
6920144905993449904
6922698242078216188
6922916049387027071
6926786544840680669
6927449545974369106
6927802644815842427
6929097480238192439
692935771812904034
6930572308106776225
6931283197681137835
6932764863929507363
6945172222554400864
6946331862394963567
6949126255894376140
6949827848340305964
6951746490551054603
6952192877322933006
6952300133988684907
6953666108838955430
6957197215029818578
6959315286581142819
696123691291157229
6961259341186473612
6961323802298327849
6961374085594074312
6962000337477181842
6964754337891995348
6964785354790092298
6964894584095743144
6965820903133955542
696712558778014925
6969793102467521435
6970073752816280400
6970500857157329607
6975200065135960014
6983425208422488672
6985179112352624532
6990675593540471026
7007506515431315914
7008219809857989885
7009921767106803094
7012874914164762421
7013461167870233876
7015515826154438326
7017545950263990429
7021168627137025691
7024160321706164810
7028155270040662788
7028438341160005878
7029373149455725137
7030387735531120410
7033322333510645735
7033791780749041886
7034001186430027492
703511394162018225
7039078465996286632
7041635210017438870
7044206975601829488
7045191199926208980
7045964756604328909
7047488454076088761
7049082426757512564
7053171143080168022
7054055897245365954
7059844760852214380
7061235302041174775
7062025064795466748
7062068952952213084
7062158409393620212
7067627302680348135
7068524559308253355
7074254315296955465
707548605092286037
7075794861648582140
7077186880142542738
7081877681737504951
7083845325909216763
7084241264483207580
7085075954844039277
7087223897592295254
7088303247837251676
7093663662613330546
7098371956486585639
7099282874859437723
7099818113532074254
7103759404911118140
7108183613628486413
7108372253879113636
7118594181062001354
7124792162534880800
7125355397537957084
7126000683910976660
7134063569670360601
7135923792955239708
7139063536320019071
7141950714309752019
7144788477474186405
7145259160494517677
7145681551574183289
714609333114527444
7146213089661106699
7146891561619465194
7151900717835569649
7152446436725615922
7153710896196149525
7156406750774159385
7159529242794975272
7160008147040414817
7160126744829076477
7160755835982224130
7160866705434619851
7166946522499769130
7170982970206895348
7171272054329518695
7174353390618791673
717617349330760396
7176948672910392765
7179675883731948863
7180505906983051201
7181633806701509626
7182133204623692935
7182701222615154537
7184228237724110027
7185189695684685147
7185544490936476053
7185906162533640667
718881526535556009
7190127210297193785
7190681125080127692
7192578215440151728
7193070103999421906
7193375318940499856
7197218859208069916
7199940091353528071
7201272420627501883
7203359041994315915
7209257083688263150
7210196868167643196
7211173924062047310
7212507912361834665
7216377633753838550
7219397311223081152
7222688472459573327
7222771690718259329
7226993461112551623
722705364205757811
7230831243997471573
723178430274793464
7235123451149483247
723613607689792303
7237553369054294278
7237663882020346265
7240055052997014353
7240353440658438735
7241837422343353284
7241904551373240754
7244319511828290330
7248343892131268456
7253189594891822625
7254350414290771077
7265082597151985981
7272132908585790599
7272545234025605560
7273700583330213248
7274054474175247734
7276654250530491910
7279571237634029739
7279622196500626364
7280886227932325870
7280895167343958730
7281935047639469302
7282405209724107497
7285257028723695506
7290174859764639179
7290908584598436923
7292374517878460494
7293614654531249238
7296602212498859565
7300885895991610174
7301685648313651816
7303184109924224234
7307557350905105364
7310110675991709257
7311973390654736278
7312756770259255608
7317486169549040377
7323376139356763112
7325682582150500541
7326928013875933607
7330086858632950908
7330459318399634017
7330497963634421807
7332891714139288944
7336513781442121775
7338557801985656937
7341714039294424840
734335194250554346
7343772792766833296
734693888859395226
7352442772498750812
7356870026240583345
7357999210913727364
7359202857173996162
7360935672012331387
7364526677930661394
7365363185347511909
7373502911598377061
7373801291561758261
7374262611773311508
7375161370264188365
7375329494207422016
7376601204389638371
737668509520705080
7377851595786977102
7381880911162271642
7390953700133036670
739311936886243981
7394556495899181996
7396117137061541619
7397591308410972077
7398836020066173708
7399546741583068164
7399955954528322895
7402658211318494626
7405128340922905701
740671927088573523
7406840762108553778
7407366660319062198
7415972497794772177
7421860618011546022
7425620105528583260
7425943841272482322
7428338416453081945
7428735233853486999
7429898599687755987
7432244269875421646
7435729706615758293
7438525433976588747
7439957109340402700
7441328149944637835
7442841337385241427
7444506566649873251
7446784843087628937
7450685172462183449
7451832658468545565
7452185836353873904
7452331211449908396
7453759957278763742
7456142938146418401
7456787660275918162
7463524733062821600
7464372009516101556
7469982814252489913
7472906337529181941
7475886777421348190
747662263206873469
7478597012818295402
7481893809311773155
7483404864672513349
7483780772996906755
7490390331178158380
7491370668965552608
7491662400131061486
7496838138464147333
7497918579761628861
7498141513424966663
7500103813072105569
750219899760399620
7505414408855775222
7506970489243037253
7509145238655712180
7509224859674163249
7515775365673356720
7517120830488274219
7521820050617985074
752263254240875615
7522685153488357741
7524824680487237877
752835225016105436
7528729986451085520
7533889021956296995
7536372889529311458
7537792929661486006
7539759548671327809
7542590417705425224
7548963950369687611
7552302123235332475
7556302678470700770
755727519101059801
7557743343955259655
7559142680053773957
7563187091049265178
7569992483094700117
7571234416933403413
7571466319335053201
757584247901799445
7576463888308128664
7582045793651940870
7585021016906864803
7587909887650097488
758866860061661091
7596415200653382530
7597172122659560428
7599001271280873298
7599093223222192944
7599354570018371525
7599846670998537319
7600040783913859597
760231929485073371
761103332447632549
7611837209352389034
7613306447075836344
7614148007289161705
7614936305548505962
7616455272243921893
761668782415099270
761854274629971103
7619517462023444381
7619758220274907980
7621204710680155236
7621305920927709758
762140873149762823
7622075943873415016
7629362275415868252
7629569057738749996
7633785431796616580
7642930785733054197
7644648099133937406
7648388882514098743
7648517921574107240
7649435094531398053
7654390589700833801
7655987965192829914
7656832492236049206
7657600701761297450
7664086471755076321
7665521453119244049
7667685428102668960
7667902882785685710
7669327667359482314
7670875087198249659
7671245295876847301
7672807359936631661
7672965534426267997
7680931769711736624
7681134708585557697
7684408797279668300
7684700597915606290
7686576923902655284
7687305632585448858
7690033376468820084
7691326975112194223
7693587835381633493
7694507668875423712
7695515529911977712
7697193242761503700
7698910185869730871
7698922545209532454
770071540008765097
7718188718901747910
7719061855577441613
7721586354395695765
7726396760900127759
7728338109873981556
7732786667665633219
773542908859764608
7737938787469280394
7740539598658272048
7742344634995101195
7742471976350824831
7743862163639348947
774678350127698617
7747878688190116937
7749805739820101322
7754434973560389002
7758135811857039899
7760329033196981798
7765314993264792413
7773692033371695904
7773997639142010323
7777715799495649202
7785376274156189824
7786941832674917657
779104066700142989
7791233273012342408
7791910854877715662
7792311216681598840
7798197165199554374
7801570427347363349
7804479695110865527
7807930000686726066
7809644036285331866
7809955559422353346
7813052255676358136
7814123881258810616
7816477235634239151
7817172869784665577
7818138177620126975
7820065613631510653
7822771459588949519
7824560762135830132
7826238330098730560
7826543281871043375
7826825758083849725
783063289718919723
7831455940326035696
7833631646500434843
7840946972891888564
7841725538166870536
7843130593129899583
7847338569218547872
7847994527769731114
7848973367664665607
7855089928063975865
785627145983366110
7860460515179246702
7860650473705369948
7862852432672352624
7863210176275723016
7863234815296103848
7865455064266181649
7869746894613880297
7870633467577142804
7874514425420059775
7878602475012188042
7878801567692380266
7880216082621176606
7881934573423766536
7884394981274745848
7884476460065757956
7885784508365371790
7885878937219133059
7887268799516992253
7888199170191965161
7892263860447796091
7892694616829399075
7894052792626840727
7894624433144737922
789543439893485299
7897259212860446027
7897433691328219165
7901105720251993128
7902475637881869899
7904515410274032448
7907108032793554461
7910042249988754173
7913571649282040390
7916753656800470717
7922442583021296689
7922875017554747416
7924455330129468910
7924772625464995392
7931881873165298671
793392214438386512
7934720252725105199
7939746660599921214
7944935325245613036
7949861361331780169
7949996834448508241
7951349033711285518
7952043555084628977
7956672584671289782
7957224866674848321
795839865091714805
7959471102995388466
7960494157153894637
7961952418459437431
7962451555647539616
7963572240444022547
796527219228842645
7966209163109063498
7967086827282027766
7968889869267778353
797071347892473948
7971370766992848623
7979974763882733177
7981411424521346840
7981547266145883253
7981582821252378213
7983098903312013267
7986716776718238507
7990005013939583728
7992480780140703286
8000738141856617443
8002682538961270409
800409122051397055
8005946394637104607
8006144567834349866
8006430259084348622
8008554859636944915
800926013637352944
8013181974775637640
8014083339452944635
801512707516802333
8016645165162624545
8016867299614176325
8018178939494030789
8018793722451541202
8020687699502119915
8021457406181790149
8026072202419856358
802626932834167191
8029925176226976415
8032015383081306945
8034344561641531488
8034415556829841622
8036426199401228951
8040016528440130725
8040256086416551575
8042649799923813950
804269472408404809
8044573998486435559
8045523487054923532
8046625465443229296
8049501380722084719
805407923292420123
8054712921732137516
8055663796291447711
8060667092110239297
8071341774463603258
8075344903392249013
8075408753098327029
8079679931890145311
808272100283092743
8082975142364024643
808489458993709223
8086663595400937428
8090077806989627022
8094503088481366052
8095346763233047088
8095636454907866385
8102784533749943895
8104441445389634699
8109582047927286787
8111463701941146224
8111706512660054113
8116972794760657539
8117127116122783330
8121152378565300910
8122102314469607711
8122953170807600566
8123197213852891084
8128660153176616669
8131297026944913678
8134324100456621766
8134362800044503156
8136295156277418459
8139174913164120554
8140562729633462127
8153930916926053430
8154843547729382488
8155172117370487409
8157011030528846805
8160692046162054621
8171760573149896575
8172374304499070283
8172475457023497098
8174657568384113176
8174827893220386720
817977023026880855
8180307982294562577
8188033551103356422
8190986103606625335
8194001724379919962
8194174945326036492
8196005462706388538
8196266641844191262
8197289248864435749
8198782294897313032
8199578389853981379
8207299665081431301
8208693791943446327
8212941999617114053
8215312746755338732
8216612968485706007
8216856509574027356
8219868900486992109
8220537440147550270
8221086670338965567
8222136041464651265
822423398591875377
8228777541194122892
8231477678318992892
8236035190226475414
8236164784990649381
8237487898690764527
8239154838263472125
8239222687700882622
8239836119824960275
8244589087903244410
8247386473119612688
8251558123920377316
8254651076207002554
8256411728249233184
825648660319246336
8258906576326799697
8259486336301315401
8263522504896348019
8265067336574756266
8266272289025940629
8266850654425524936
8267512764943482681
8271305163361469790
8271528523374954513
8271990457429649610
827537211415813314
8278491381784234976
8282367755404650897
8283793746439078695
8284034146341523490
8284248368884769311
8287737006644305031
828842455685059871
8289274668446359218
8291374722208975202
8293700804657587570
829444176968336394
8294912010308982092
829773837251080914
8299089616057572111
830110791338802668
8304454878519394047
8306250613588506871
8307267315180839232
8313690795685962476
8315063246964892709
8320311161937253980
8320327163102933073
8326004689452642499
8327727190841524471
8328727666729636231
8329118643671659966
8330659139280225959
8331533110911028863
8334147141131137844
8339075406298674663
8339810397656365865
8343471591373657836
8347446456279918839
8350965654602483516
835244958908987972
8355472488475812332
8356521388200377490
8366369685762875151
8371575289802270856
8375893228414971199
8376527397815419907
8377468234074648120
8378481881103752856
8379506548438862062
8382786666497741185
838469710551812656
8386531238191625590
8392741756523856140
8393363084291567728
8393590761086838695
8393923251181561097
8401383150596475439
8402023611927287140
8408414113669936455
8408570524721123004
8411415346931148576
8412849786363178896
8414153110206898459
8415511988634348130
8416344602653371206
8419592945771135861
8422051714774128074
8423345158858950298
8424570820578891962
8425646300690520145
8427761960184787152
8430602848437664638
8432778655403326693
8437574314323272353
8438071841632374168
8439651135417523391
844093983757651432
8447292066988776083
8447809816920353388
8450267235342356395
8450747145302733021
8451003545716513958
8453033070542627756
8455075329628552908
845759925173595057
8464225495994653369
8468114392199555332
8469824578769131854
8471027086102052898
8472391424593817589
8474226016362301437
8480079868462597470
848887983537193600
8492660842816830426
8493469430248042755
8494287704069524983
8496990231469760166
8499086342884173453
8499280950683481779
8499697764501333956
8502424147329753709
850330571897301580
8506943632029101065
8507822705234689410
850822741720419090
8511138591823715287
8517222579173172273
8517660204925535821
8518184037011196397
8522173503617941516
8523179645174011426
8531616647201905682
8533072694098955520
8534975190076067768
8537008375595315008
853707165049357673
8539471943775079108
8539838790415949445
8541221980582332310
8542103052880498478
8543421837383511016
8545084035930751325
8546690500140801342
8547507497881523917
8548806824034792255
8550489948971836185
8551280250648888266
8555126859777879289
8556318556579685885
8560448346395680046
856165993937270669
8561838446032319747
8562944859325507451
8564568471202434238
8569083699774270698
856981365094560921
8569954119985842469
8576992070072064890
8584362831011482686
8587902778979414360
8590343740877881693
8593193548737036325
8595001382162950435
8595643558735632800
8596003031519932566
8597009886056992722
859913813714385448
8599426667170950065
8601309936583911484
860198274882843441
8604540820110038495
8607143303981104829
8610551750998251672
8612990663727416271
861503796942054873
8617718184112593029
8620834710764171106
8621869370830078418
8623258126893621163
8628793402147000096
8629174908108187155
8630405035589999913
8633274184063403813
8633448144149627947
8634058119003853021
8634617573454251586
8637086102005913529
8638455591988059803
8639074659998454299
8639224663139455483
8644379739091959747
8644465375958592083
8649817804167545299
8651022820578076401
8652038639924128668
8654105216727085636
8655331626508452953
8656005914709465234
8656734789421139177
8658511175428237817
8659152214950487224
8659647860046752242
8660183314957141291
8661055903397145289
8663369335957269618
867498673985650272
8682876568881211765
8684432661830582462
8685548069341835777
8689647279902128233
8690503497960044382
8694432224905365922
8702146344913207409
8709978016308017184
8710736005272209679
8712039310609197115
8712955755671567673
8713350059833121249
8715656735150770150
8718557929428105910
8721645228253871300
8723131470649032853
8724151396070038571
8724805382122507598
872720464693425159
8731099061282768541
8740416416540220733
8740520313147171068
874095919134660341
874381557477132443
8751254147487370257
8753532656802273642
8754205773174199939
8755071871557251410
8759655933826045259
8762110962037075739
8762556071915033310
8763427067394088727
8763576442703560160
8763873187215868612
877067983694362462
8774648169264453623
8775676686180910319
8776993269747604707
8777913356091623108
8781892967244842783
8781911576258741885
878327226727996162
8789985912051160747
8790319810596119205
8791054261808475674
8791919044714984589
8792271753470318954
879378415991366473
8793851039685183328
8794000014968073417
8805071299853346377
8805279093421757777
8805444946951857009
8807374589768992770
8810195688688948780
8819552687121768485
8819867842768262478
8820549905057303773
8821443779705835786
8821458039311503415
8827063426220557548
8833218103713613104
8833268239473052736
8833517094923857392
8834257611454309540
8840561654865075289
8843190485004157911
8844096875112819941
8847976458763531159
8852221145224400288
8854838425661809122
8854969978888488493
8858288902029880380
8862781704912611855
8863761404894782565
8865119779907556678
8866992996902455962
8870541237764734896
8870760491154032847
8874000732364907205
8878252478987004543
8879797978698594945
8889387302139581344
8892504606647044627
8894433075697987702
8900030872334964349
8900170080017941001
8900538756516984675
8901884196265794110
8902528765474819792
8902909096649897087
8903403192596634460
8903513453540442813
8904531309543643607
8906835217560934834
8910873009238236330
8911951387394209150
8918402175480503239
8919917605768763644
8925379363293981105
8927423635262726457
8927631362033752800
8930846176501677892
8934325977642479642
8937293665385964779
8939208284943015128
894031973074541619
894590579824639566
8946569625944399245
8948418370391020649
8961792531386458045
8963520695386915734
8964332639885750026
8966455146294759662
8968921572261317407
8969196202804192116
8969558129894227030
8972790587813974750
8976216404442418419
897733762083011051
8977620639232557311
8980537993605897173
8983763590752305095
898579983370846154
8986521882516828404
8988485180774535989
899176256937140530
8997895497259744330
8998392829631842918
8998733031751647172
8999642637880874262
9002915095100024659
9007200109734065863
9008082971912417606
900870093737595506
9013432181991368524
9015293779763340738
9015883676113542673
9017398991973943758
9021053619043567541
9025156552517971560
9025192207458696499
902585060901946025
9028431367113790150
9028863128007381121
9029543228350100736
9031898166701030798
9036956036240242462
9039517708020495839
9040137097611482693
9040578660263952877
9042464403026581871
9043120488031456206
9048910502267332633
9048935686673227892
9052766142500866986
9059450868363838237
9059582836642855698
9059928968093764890
906308884410537116
9063768856294907872
906423152904852788
9065069242124343383
9066681691065940342
9067926089594367538
9069885854250470953
9070248959047080232
907090582626826679
9072688696821247401
9074682132413017245
9075368464721922372
9078723243908469944
9081517840694805844
9085346348569447813
9087434236765241378
9087517217697452926
909297769238621459
9093076888731327508
909325735772610961
9093952400723895485
9099656779242411967
9101294910716945384
9105124652685831101
9106169877983118449
9107657610271688818
9115765459047761295
9116088618557175964
9116099293251854251
9119156587416793739
9121122088162120337
9125358161886208106
9125876003402297879
9126197197196807562
9127575521615074271
9127786096645222380
9128476218501755323
9130954303623434915
9135397337037215015
9135623338986034718
9136615172328463728
9142624326640615811
9143744062131972563
9146958417849589092
9148743465366252982
9149373399446933827
9151166772465145672
9152525759781073329
9157638564809634891
9159294181903043376
9165888945072955171
916681710598042969
9171072316496945288
9171823765110906856
9174375570432835861
9178202992978169247
9180286094228750713
9181372048774141731
9181733031462753205
9183884184214238915
9185066215149897133
9185125946530629552
9187634735683208730
9188008043301691047
9188044347237264838
9188849240583460882
9189027031148148269
919376380134404312
9194979925657791097
9197149119701753432
9197212813744978747
9199232453695295153
9200554664862530817
9202066151655936340
9203666420418892820
920473428460367426
9206007706794884148
9206545778423451464
9206776835757305009
9207510220853973880
9208677072543726508
921239279934420359
9212877206704703321
9213130707659516825
9213282902714960626
9215181126085776477
9216071745495648579
9220888308953600367
9221934097684156644
9222016914553098504
9222715477025088345
9223378312987415751
9225318314885797721
9226738017696243920
9232398914931300864
9233034662233436331
9238337141248683470
9240626839193653308
9249313213033696987
9252666072392972351
925415884760297126
9254915295960535380
9256036399575957978
9256054614234195746
9256334460578535224
925670375874131733
9257177210284828541
9259650360933596027
9262817031668907064
9267604731140895462
9283076652365802687
9284848879758577313
9291893925585927212
9292191374257208609
9292922148767915467
9296880757693271919
9297002747926214163
9297545464459992522
9297735566416569672
9300868210176274374
9320701320206350603
932317860344315792
9324964772054739514
9329992510588527193
9330737274448347349
9330818476403535328
9332866647074021634
9334900818545902958
9335674791970698281
9336577139980785959
9341402509781229831
9345958784040248519
9346596540244217987
9349774420626639744
9352817036716160098
9353881917392776989
9355320994479548257
9358893425539830416
936120700038164184
9363327589350735814
9371062284325539318
9371242328902962427
9372001330198534958
9374699141700930950
9379190982145043611
9379356454892505533
9379897922257017830
9380049277751161592
9380113562639734494
9380253168209243014
9383026496364829400
9383188722360269462
9386324711905196571
9386638068588231918
9386744049331367679
9388588218932498306
9396900978508157227
9397778116409276469
9397996188939520698
9400567206624152205
940115287298606683
9402239597968558786
940592771383258530
9409126495042513641
9409155726093687431
9412363121579024242
9415736576584950001
9417029417979168061
9418164059325405759
9419647924109291487
9424620988169779516
9426803768152058058
9428336432462450616
9430586658234806184
9431469163141404926
943270270599347665
9434132320820354098
9434214701509114285
9434273731710679964
9435376775466367264
9436106531309654766
9437539741674065171
9438455144215584317
9438986227383955055
9439737012059559338
9445224698614031834
9446970082799389609
9448454815623706963
9450066256659107405
9455137643821481701
9459860713422127420
9465163661160659371
9465717035443161810
946699995619208189
9469146534230943501
9471253542543195777
947498416196668832
9483217003696483570
948330482471211588
9483705178920342649
9485142303502987575
9486604902122696726
9487673420993399529
9488900856004816289
9489199356294789047
9489805144425633036
9489846643524813440
9495519198134335222
9496581108683890712
9496726188784804128
949705354524265592
9500246549235336819
9501917005016378526
9503176929399258675
9505596641834431948
950560644575643654
9508423866020551091
9515806576569809046
9516826750432593371
9517023669269431214
9524503995552995154
9525305971978046525
9525928326179465936
9526254807754800681
9529976186991075352
9530531812002571380
9533920258561118796
9534869818200283765
9537044494465755809
9537391178265902714
9539578262221732459
9544712110256181859
9546093415355555489
9551139840514788463
9553745048822593468
9559557554931757408
9562732056147911685
9565618731398937782
9572185108729984277
9572711930549507573
9573859649478435300
9574857431103644835
9579598364912067578
9585242584860395854
9586684382612477633
958809707671882622
959029995861313625
9590355740824103217
9590864230027702182
9592107025144390924
9592518096545739852
9592949022191228926
9597235629059536329
960057782299991953
9604131572092666501
9609256207773588126
961100572335520333
9611268496342415819
9612697177018592385
9615426008722734425
9616425618375893884
9619700995765181701
9619710054824288862
9620075145162597744
9629254022172604008
9629816804955145055
9632571989311329990
963424884238909850
9634779150468346977
963560357387675288
9637466868594744998
9641389618674614283
964395797232422793
9644346473755975277
9645582319989247028
9648691331642071963
9651663591636000441
9653819195237355487
9654928555785424160
9654953579811068467
965971347584361174
9661223360225527518
9663703743637358542
9667516438619882065
9670650437758961221
9671502807292250584
9671633308254151409
9672915902658246891
9677541141431871786
9677633059002591767
9684007976102843950
9686575963451188212
9687584932545273167
9688627685496270806
969213606539530947
9692195046910554050
9693930305800850787
9697128339472956955
9697587812960491816
9698158067292235669
9704321539613106993
9705029030905314563
9706266152415452343
9706653369368188933
9708619538333401112
9710672368201557725
9711120364028366101
9711694585390932401
9715338722712964136
9715987233682150698
9723693029286564975
972440309394761063
9724739193946633923
9725628562564447045
9727100452723208702
9730990290352573104
9734843445224797490
9736254150260241551
9736388248553512187
973907310080280782
9740302373867786917
9741268982599799300
9741922439502902273
974304609622909298
9745257994017403694
9746526740738459210
9748011016235540407
9753837594150167752
9754402577589903801
9755694432649581864
9755913399041339937
9757153044354366137
9757209009654844353
9758010313738458954
9762983696435338293
9768635609213544424
9769236805788573896
9773480620341004849
9774640584973822607
9777630159226920463
9781704663363640058
9782018477990895449
9783285197506089862
9784147015314850491
9785741844303285538
9786283728722449156
9787967916258290289
9789239877692172947
9796707703414689729
979894472929923814
9806535343411906628
9807158921600540556
9809199284687583459
9810463234524365223
9811364732576864437
9812220752582560480
9812575169698157666
9812675843327890713
9813682289436146574
9814241103886333459
9819492269911096036
9822141611650811148
9824085891786636607
9824115300419320307
9824862271858986782
9827390149249600116
9830890188519221745
9833977970812368858
9834526000229464559
9837866238546685315
9840091124892751109
9841077278815257182
9844282144386625349
9845819190941463520
9847015453033433408
9849989121536026740
9850981887870229303
9852318254247126132
9852349950415349634
9853675902930891922
9853881304709285025
9853963381686927378
986049868608614968
9862707242648948329
9864742501374603713
9870080905029609163
9872031604395912772
9872758464569349025
9877155384611013793
9880018406495647450
9882062774829953412
9883178263740808255
9885189758254653476
9888776362460545697
9891222269027956027
9892688678383390218
9892889112504999413
9896073692299219148
9897127601378971454
9897316495401718692
989944999012130477
9901766214864946898
9902400873620181533
9903185937110926439
990626008486075454
9918184435588039476
9918399397462895573
9921038575471576800
992424903011710998
9925842907022802327
9926210340860999399
9928855821412037862
9928980604949460101
9931822672221030019
9933982091890592927
9935011387757845807
9935052235963144629
9937029398989709776
9941086818694082888
9943049049209113030
9945353757410948754
9948721012907930550
9954164117593574798
9955088546035772120
9955161458299285562
9957569110529617362
996248077779189391
9963179904921726110
9964253608515719511
9964576793379665601
9965449227707992323
9965844797094701602
9970045672530029170
9971056220031896239
9971352315056380362
9973392608168783559
9982756060063750335
9984677790160410759
998594630515626759
998667721478035076
9987363111830777128
9989378815478970586
9990991067175286478
9995621591571449179
9999825083506269292
10040901125774067482
10153471960636331349
10190892314064814508
10204050867294296672
10236514297903740025
1034165232330950434
10368197969335294114
10598392317734124158
10631440297764566511
10638590635730396113
10800827230269181416
10981868660750005179
11014065821408988993
11076327570214870592
11090163777060536850
11173242181647133497
11237163999974015604
11296657653396369934
11305059752715712043
11352149960574210111
11369437742728679685
11395082151034504728
11556353229770721020
11654412334561503582
11680382720085049461
11689483600199299488
11733772804314513149
11739618115500207610
11836796146866152245
11903584711705444538
1206849143214071398
12162190983537734482
12298349990930578832
12302990435372996256
12310937447134504179
12316613573608252583
1237798807002747919
12426774390465165216
12441461888885194612
12446071280058865936
1248363979702507963
12502550564107464192
12722526076817902411
12801664257579303305
12868397687303153243
12903217564027336415
12908883169355549416
1291671741020924969
12968547761939877448
13080235743587604791
13200150065708043220
13225620992613664328
13256124719108932152
13273874034936532871
13280658791763961473
13414403233458243629
13526399904393616915
13630133124705714191
13666532953667791428
13711749791933827144
13816498939115535091
13822734523934979950
13827325349225696029
13890786335863092428
13950705035906375936
13961426862563918191
13989558787253192213
14065588125503411328
14098365347247978875
14202266794858766187
14240095794482222862
14277830300295763592
14300614639840409746
14433496583694396602
14443072519397338980
14456743049684990560
14558882210640913704
14646969283049597016
14693541005044172158
14737951546909520681
14781563123012896448
14837662809033594521
14850612124121405594
1486075875547078323
14876324792792583538
14924098583656404898
15043378312290334202
15098196320076308277
1511042798771549382
15127622525538368818
15198419551350573080
15222044917845228750
15223710073836904227
15239685743641189895
15333023246627202673
15426132006630207424
15493374883749204897
15689224429201738653
15705528096786538619
15814508078523443187
15848454800682665532
15888991116832313246
15904529846688865423
15904737233964935146
16026338527100153743
16360038201107183737
16375511568486794402
16389713979134396553
16398209192439028293
16534831624778842254
16556462380603896584
16635256143762574784
16708177917890123318
16731247521072978925
16741185320357503057
16762312196999655588
16964874256136282087
17027014683473216596
1707752080423296047
17105584331359689325
17207904154965623885
17300863548073205994
17503027504748670894
17522657112883340111
17588626368962164541
17599828616280809867
1763868370260849864
17718812282287735234
17841663743084495655
17871458990362019846
17895727620353126243
17992817671727530656
18041727401462760380
18064605446118878862
18215849973672162804
18232699833782150449
18359043388114476027
18363922117018776411
18430821019814530116
1931155741207489632
2109266725610008166
2117953081382067579
2210995807331792472
2228139916880550284
2229623195833637318
2258417035345711190
225959277186935660
2273746120896979239
2408035008715374991
2411986764955874427
2594006819838803759
2610598506514131051
2615063335716765641
280645881883016539
2895216904275410092
3035020927966520381
3090985898984743024
3177155788097200216
3213515494792651629
3359971914064825558
3470308546894015805
355807243693434245
3741290153986064721
3762866381632040783
3844169278114053458
3844581448939248909
3851993122326044032
3896207935752485152
3905385113138822047
3922273595039018004
3956190043176670006
4125945277446639897
4152298939164597575
4193762203326185418
4209453661192641369
4212003978475158228
4214226274747602729
4245619962316935217
4469324544130727371
4470419854203470753
4505781215830842286
454271459031084927
4627333662324985401
4760851508725259482
4779688393448256348
4786748755386888077
4834881975859557326
4847834024996170187
4956144184605040682
5008532573382283151
5034205565967088742
5211435249203379986
5214076783105278177
5262850638115620444
5334777278729000447
537158385172226295
5374278237812913059
5542886627196860721
557942079549545814
5656689342012814565
5657192592566063627
5763866379276860154
5787520939038275052
5796717212544498062
5837500510654598923
5909001672850510757
5961354491491411807
6154784284812809220
6192489046880983903
6214472823306408050
6239756502110480366
6403071097552395241
6467503654459013971
6526359427613718419
6550756785218353553
6558869673960859439
6561075636704123336
6636797087156136806
6750652034313667934
6755089715703805007
7011141704294848248
7021119240195778206
707668177817303283
7086521327923724184
7162219634351890102
7178229909214197463
7414868863168681027
7468524205364920634
7506664521273676602
7514114245261817143
7619249170232480567
7642009486505196156
7642331857290557886
7664354833923374469
766845685195230464
767871205493720060
7688355690923380942
7871967357268932712
8103325990780056804
8169748533560862611
8191936494104656848
8203757802449895987
832332289304260694
8403770715994958563
8412750286888686401
8470994423084021603
853037598396151446
886793900530904462
8906537254508410371
8939022907293618958
9007573090891695889
9025651618297660719
9062108596009761075
9339539231347841389
9353457307023133547
9369237786729708912
9568081276647474950
9674610643471713764
9761479764983358344
987666806027930322
9892232015202761677
9903883542566944917
9912971815394473960
993991910029787589
9478404359864526272
10211357468423644130
10167767507660002821
12209459796462792660
10427183338923250189
5646809370792429370
6323702978472951200
4336103362966904918
408043603102705787
15123814498576695675
8049632822279398185
9017711041969503679
4295760575034767037
3743410381931263964
10895463350495991567
7643461509481668879
14328143612609487910
13498718994343090840
14411925964724357789
13716178730780538588
4119081336897244302
17797883811693204441
8488787791373404727
7399193006184928488
8611228806773486566
5471113489938776965
10546326888500033500
9953757862001640269
8620482454986287347
12698373207477310673
9588590955611431355
7257162537469404132
3891677216620439451
7067558957543822847
17229124003275745411
3410261137460181545
9827236857607733847
14148439677219300315
3388233862601467251
6034290058329439562
7988103308879815861
14180855020047648235
16429442225567235152
17230892074301283050
3662451437829143340
5137678586901642967
7526025600453678626
492568913085555174
431568894641418927
12476667069243648559
17808894548466866958
6745241715289008382
3725945040688975161
3195739470336394556
7980659359608694455
10311755571725539586
8596088342274272670
7443391571429445004
10949361321409572003
1508411137199763052
6554621732094719360
10150185175853885102
8483010562944283444
1440481461694139772
14444518194628322053
11041917359821809488
11685047081390818613
13627084051752993366
1313336732527825840
9587523405339252248
697928964379076575
10747241662191432535
9478467805459679990
11546191805659473604
16081872392981882409
10961939725039752549
18384456363924963957
1706382665165415272
1755385129763546806
7025553966597223626
13270611455701060394
6881112082714821210
4961191601273764587
14092854097944315696
8618931221612298196
14935891919575552913
5656434409376078535
6337627356291570216
16833862932060085113
11678199117765477662
3292651294618862346
13272508258495497696
17752522785922983814
14526836479280959543
3666873687575154731
9425173223763618511
16715385286970350971
5401803138199697904
3817892376259761267
14911175254219000876
2815174272238721357
199779871093251824
15592676266199099798
16671534924590126961
14273274835398591022
9177521611628617241
14756438219841272412
15620350998674145003
15648019568718848475
4107466922933713344
4445406917977513876
5262417294145060836
14190726953648217706
4854424100626139138
16145889278671545171
7199530757603551638
1600166374573679323
11179799115603973755
18202494388823801564
14973802906921069646
1834664411028422467
9880682341667975686
18021769609625657296
7759808060358759608
6138298149359892554
16179401622404760933
12479914104492082478
6915519585664005127
11480450871657813738
10307539068477512535
15143999343896579704
14758830833474613918
8878638972315772235
14717362595919892434
4909839207382337006
14686578650279606230
14983038614256106621
3977505734637876988
15394452758162886784
13997931158085748603
8795888812248957135
13973838132785804968
12216095193224334828
10505871477928914235
14093112398092914669
4764716505448135370
1823478706609617314
8211738774303292007
1394888087037226053
17863208614182670240
7258881113176906111
8366281949429793640
11259458781618175264
300860960901082310
1872396184061232089
13421033811343521912
10033646992167964797
17354143978958080789
15598209041094852476
4980430358732582815
7231521680212136015
251707453485202552
12896577973272410532
4046395032642001090
15288839696263518361
8264805315433216706
14750007124101511551
11726065761516329135
8969279549183669736
16358902543741955479
11825684621245897714
12331535276029280073
140953088135957797
6748242795130251399
6685882407446103627
1997812834235676990
6364905679912756238
16396717264211089207
15820682967546998551
10977736811686028909
6001284076015774702
10886990152247126364
7160979307520839755
1590934103816804168
11283241383775798432
15763257518668346456
12814961437781022023
15196085943706007987
10856894901975364713
907086452839081057
10191066219916462895
10568560675067002381
2381129276279589626
13889383270537901074
13767555785470333231
4672316300781960075
10132950957847969613
10164861099928403890
14342483089304995589
1816015557901646555
2516259550963043840
1151106507275635810
9416900555843298871
10444232030419033047
12625801585310859196
7454751167739964202
6266865546648164336
16894831637883003176
9528661489058889863
14011429772651701081
13182516425250431149
14096705265667705134
14021836174432322778
2081405090784003134
7409719623249211012
1288983178066355725
3958189168282060270
4588738584423163827
1860128968628607219
4492026191490148664
12332525711286593734
7006710044664080631
13243079246955757389
2446653758458105448
7380367474144237392
7107176133375552537
5813061145877316408
248893402658356862
15910296294120291248
1300348464815347291
17646465594101035339
8043998126392018448
318505979788366828
15250179211333875560
4289257225343884642
17037518531869894836
15770075034599315901
14610919099063367489
2493699443032940820
16105309007110801803
13515293952375478075
14836030809754973837
8469476004475753381
5942932295578925276
2942548666399307643
8649457615851110436
12026428704692326615
9559355164093537001
2679283346936413387
13162076385703317573
8414173899165830269
7931661209175798726
8932393829788103199
9418507589403728733
4445568377333993481
13770895514140074260
3154982363929587755
10854977449625619945
2234410791053868095
3370709592576769755
3415417140166548491
7756373991171753178
7714767824192750190
11974859322690718517
16349080685300233516
18440308985989877774
17197711251184454225
348104166672971660
7454420847994002025
12960450965307555880
14718857046945497380
11380982759750058646
13078013933413615189
17899931358171482951
13504292960884610987
10180101405561274182
18179235220331573645
6381072593156972970
3128960986104540786
3777714066318556960
251233554756171661
12724644162309641260
846019353466887955
17787227506489833718
3412656266513140370
287399806958238372
3932624382612310592
16370787750310410326
6314738141103660658
7369046587486849322
7423148095267915863
1811537758922489138
15310769947239813102
18228244582917583255
9186058178306951302
10649686556762066119
17387086973550318438
6168729656672134615
14891953899013232037
9032948993527468708
14984135229309635115
13218372498704210906
8175030607495719883
6649643815617570968
2994872394439270230
12937554834849399040
13138846923807195047
11458189270705376125
15111414785277202055
4274654682407991504
6407280089596846619
8082136383677906783
5670830105532557200
15129250915678484410
5838264204197281776
10036029738787294466
9948960263963024492
13316624435229171494
13736642325194394459
7564095941942148006
9848914975066968583
17436949126606701179
16968784565849161216
16695928106305772313
11458076319356812658
647687256233104119
7968238760546209970
13368585318062932571
16864768900096653815
13481763253543349563
6563383339526950835
6507816064341683273
18237963532737010445
129401100862648341
6909033818952729183
9088189863379297010
2045877984067564050
781285099132039255
1752492447255309987
12779624253127010713
8961809028537220480
7315150010401879288
2014838026447269815
7070163796320697871
13698183130803668677
14116547945349643823
7228003305849631615
14136404990765198027
11488388306671456398
13927662966612960231
6084162206157615878
17023625622622772859
16305784986824592899
9321009339818136565
10795864612407263735
8571172449263627920
6669909454324214837
14931221094429386690
14076783338496187928
4175855774339878331
11320644304611760888
9589226887963424726
5611255399831106776
14566241007309351963
17572888746256450233
15825332458141424403
12502971920179807257
18121762556773409164
2052345738036648904
11280309860401788978
16522599135341053159
14769241083375542065
235080314924745674
565293511631025017
15213873806047768262
14078872062176321481
5925632411424477223
13209909812101684464
1931124070847409818
4397929937507209525
16242677598182141370
18445728545023959316
4158590184211362665
5290774983114899433
5930244041323876391
5291539348542120345
16541727014282416387
14705260270868176323
1205652562345445322
5100737132679674533
3303954068181817696
10621515031125279867
10653456248762152634
5840348873874542198
15440167127193468316
3083779851632426591
3234166474438854409
10699300189144770652
7548761965155175290
6832699543974913095
11152925310410352031
4047608657323139256
17529359140136458785
13648490970332979468
12335799208451019034
11781673546032964288
17803723226581947106
3595251995866350053
15625002662565725103
901972027769348607
238431368579621887
8789648595812264355
13742590727878432005
1612866119529150073
1433111424099946262
1861224939501625874
8061761771265725672
17870350212498519176
427365156935919236
18432261114581765376
12423998219961334071
13697117811169774047
12794376188467415866
1758892004316565308
5019850563910790315
3745670391557660992
13607266453084881982
18164992141255988168
12676604505342029889
16949743725842969211
287716772998424991
10255566442797673903
14176041578244956686
2301305196643508904
13082673225829906120
13841265444791164436
11458683514151540041
10792221493301130845
17503839713630133709
3867375118413938493
17813521839337301473
829426577758044522
1634983857607734011
12526906362967927722
7923839517047536106
2224557447277882102
4551460239371252787
8115107454368040214
16218677792959922945
4256116522001154558
2444734361635274119
10948101188643641807
15760823367298275571
17970532635079468026
9728097150303500544
13584679122337133630
15594506851394992393
16540992683916879276
2362299062625884115
17525974711625148652
9903529552067732772
10867797542829805742
15228275774364920376
7891823221822470730
13783383765807496678
14625710782270693536
2746246097038174844
7125282375102493402
11808867766845942900
4588659223753450655
1710009865944869921
7095296355787374367
14633921402280037835
9528607092897333888
402977721010515431
7801068677026376108
550738441450239808
4309533226967995641
18255540662214066838
483015797603187972
4270801382085493539
2436228449339494157
8531959175170105500
5364141187142591382
9461419360079009733
6637279917615235829
6155996023686550802
10333725279912214818
10838116963551128908
10212265456411365040
14002677799255013418
6379284150258828075
760826263119133880
16978840876946315707
13677230636414909576
12304879599699626713
13200765123857099988
16212085250745202377
13241426285598595318
17512813914648056887
11183490821784929605
3366464729812401966
18221571687477514973
3577853507697108357
8735667587800907503
16805010012206801907
4876544076547989020
11479930310709905509
2149417178005794841
10047456375848339523
7855172183116668428
12677769615811595547
8606677181842104699
6442698522614867663
11972715911879110198
8503650253501665993
14702591202738394881
4458540698373218787
15295329624904956974
16972836480780226623
8720873492607793589
5561687105500611692
10722932617536896261
10093224947715879124
16651291459658497787
14579263826641719777
15493555092164799798
8114564002214076601
5402119415843479337
3400585844423246332
6588751527378855385
14168624166317093490
16943851127471565258
9324596249134084134
11946298304897251950
2378693804052931213
6044831309439986441
8595631751640049908
16637559658843970470
15270677951377600934
2883928318536547620
14923283776621773655
14747820966457328959
12434850761362090764
10747050449314996160
11459245616677362547
16327557148425089314
12980546697781611609
12507924765373624437
2243301318574547838
12285948344714226045
5861331105434180006
4773331799315517708
14940501871730082543
17675348770256242909
4127510542490433938
17857413431123425442
13748763628367601015
8317833117067643043
11241910975616734567
11172301288539714941
1665546955789891084
1085947804528425861
2465358523996714792
720222380998891057
15908009132438035108
10220747726790419601
405955354040801680
7336641168572158244
15501257559393864621
2525002963847787974
7942137811891358414
1515123652163526650
7816913611854831024
6972199643400947091
13843471647610493611
11019020720947484064
1441873412068674841
2269941280871895179
14384729692650674414
11036646935220608430
14995449851537837188
1902910308954392714
13295729613053555620
5816284116491315103
3111884433359715445
16111915688135901631
5909454113950559758
5637313752089257688
5883609705090824908
10967345881297375183
11115968996935876113
14935724827501679673
1864267426480191396
4053821758642174802
16643140627018818411
13180055447735498696
17761288896992221066
15627851709532523341
1216680869464934164
12721844388875189548
13475355745896314853
17041949338883113270
7927007665546157179
8079265779934855479
4644480517338320383
12091581969414755136
17763874766461359624
9114620623502995228
3490585172302074383
17902506137130929393
16052090583730783680
14309564332476668412
3487476825314685642
3851525216908771583
8131137825872132640
16593843409157129326
8375930369296630014
3600422414690507000
13860805190148626099
16045818813187879669
2146903998362513932
2821464682118973410
2912040909820011249
3970686244541055094
4953135689766692418
12714119213610706706
15253390019185355548
4912069303655069049
5826754861553122298
15335555898251742025
10907985613863734925
16635945355922223179
14078654331985933340
5897607389350503670
8651668454422221854
658650374281051824
11953903909169078216
13751338753356759453
2454932867787128533
1261470869680559530
5656991467269039353
325265660226222690
9332266182541840075
670934952328674102
11589665014756273128
4333655347005326410
10654294140655719595
15979013511075526022
15889369497209987325
14258936640887230237
16641565390177267320
14357226354824561359
3488637542201214064
6732127653968511474
4824852537700099034
9751302281671979615
3911351099288996480
1806445853294896348
2598243495852791780
3947585529244367055
10290859597730629433
13644744542181091003
11633066773350585173
18425107885381039403
5408226132668364681
3303413058027658050
429640099075106084
13767527722123221325
9448039320266410462
6762069534446992127
13484930623638244505
14789831534697268106
1768428929037153870
7273500602572253610
3635304716384044323
11105496185476777324
4533395799479117086
14447359012324463178
16738051863761568233
1043928075170521981
4273650169515541394
8410113521108001926
450969057678893795
6537734489830318100
1752467182248122362
2522440017423080129
9259456266381270251
9752130011022110161
13361214957807871964
434165628538354404
11105694734406792791
11428169132545927112
4277011229906421242
11612647692636341592
2634559449245549727
12069759817074460238
14685715295684632921
13582994198400789214
1534988960251191939
481042032634039486
8085832004429604941
10846289991815677783
375483784143880412
7678880827398860381
11441740116889273900
13770498611010414495
16374971181112178016
17247662131138529831
3234455135163441678
2821846579530445811
14218444160383313987
142998305680449464
17076530118640348393
16825965236282274121
3571376880853853603
10877996472445313053
14682817629234430096
17825992853745441465
11436719022110870982
14080277583757137866
3954052629004255589
16331333938734204529
17933381496252512518
11833748417570425180
1046165948099073100
12578146729093307833
13687435595900305015
1662238423650341959
5967361241068334159
7726498580976577312
11157636722674441441
7713525478916386588
6892348476288846485
5734223098949693594
3761570779736299726
14766604564261504651
9553121209094632681
5226459451197501614
4662252132779599946
1860328431648347690
12881993091406891547
13118007019954103970
10139717366112844072
5323854689989881149
4910145886647313671
8802700616015845100
12248053280573531311
11305254235112713920
3253901002245895496
5731006920009399879
2764892505881953282
5247577160584198333
7624506596544031807
8007616524997885249
14957482127677811297
6520516412656580104
8136316160357680851
3643361663995110553
16199564234183529634
3290786236580797611
17162355955640428172
9234579642046676879
15966663207683891967
5162260954476288663
5954513890860106061
2975684873818022221
141293882957108751
8072451632937994478
11246650912957024833
2452899759097182970
17237810513303668501
1304864472590070981
17969562626197973704
6284207135796806999
9364766231568027103
5271069863655118149
3705273347217674142
14090268375211485120
16163896460324706846
1824204462921449091
10698023257457735627
14388775228995580045
13153780244092100971
9031571494832671234
12497967028492794280
16130029038329794960
17404437096842668257
6901742084291841182
9083772023516676550
13796063997463262841
17067204118240500184
3213502249785583585
15668985389530738977
3616205611074347393
8863806626444933624
17191651321659150507
14705223320702806678
6799586977032500673
5953703552597323144
2165611587590084143
15388955743669108728
1416957984875174884
15220734654962007322
17360849351630342286
17839218669935114628
17271438346143979006
7234064222872153353
6969727982344056664
10639615332307021662
4804113586063912880
3744514841182285440
8373067234837078652
15948736320514409650
17188983552426725444
1222624314013193411
1710007407145463603
13597043807991553944
10204768516173670594
8249417490522125354
11996851931331960915
6881788783279153513
1855885071390654284
1827330000730105825
9217594902899142895
12872570332783624199
3459956146829048523
3288123997215832123
17835665845196584527
3220992579976594350
15804136209448879149
1131205986612274603
3420188039825626907
17790218050586707909
2112091147963100330
7455098433509296135
5157313354140237194
15710315763601697547
1370799114601148287
14514529475422353991
11402791066200210903
4566319046867778578
10809876134648231756
18386350458299288992
1680048012254939429
17484066949977956325
12596768706621977381
1714310022907863784
574383913077284382
3184640685834062601
14231591339788772509
7353254427521669893
10561783362815826813
1823874871761950720
1264813996879152032
3402230789087360076
1318794830751898174
3343818922287022378
2541569589506570722
900241615523878797
14916023917859870401
13680344182890842335
10765329197757532511
6636901740804946830
1978892329009187380
10500085842172687685
15020639588420724096
3963662783518053442
15213017732431035339
17303489225393395397
12822638152704461371
6812819448289543285
6730468584469731281
15176004257718546355
669443413132890582
15205678332818665491
13911952093484194611
4917205438997479325
14330288805892635256
557635322637953412
6059183790075722488
4336257233097915453
919897476252019349
12814286660538970285
16494418695789035795
5457723551969877850
2755754346321736892
4950712106817684861
18030320761602099042
6170182084037290140
3562530480242852992
7127297298490639212
3658666279900139811
14451423462272825527
12128542165550939750
12400436854356128422
7717421019901381550
9468572169805817004
5470670227828138956
5524179973394775037
619476876514507548
9129402495049225569
5666881630289810566
5959103377029853706
3450513848452188372
14989513024018655993
7310775550639552315
8480149415819230575
8239046435165278370
16432020033423981607
6570921663845062188
16009033327187796287
13883721186449946356
6006126236658114802
1428358803692067332
11447258535872717803
6113981872826105577
18043666486623975496
6713116346744771570
2287204528089310822
16048854143690188514
16200281803245147162
3505576671815298866
5146266895926827310
17750577394660531370
8369315423071966354
1308493775803335383
17510080726186781670
932873431883612812
13202311806146477158
17847082868437759366
2593780508734983675
7671565348332023599
5849594925310478832
17976484652572123817
18310960049153317111
8161074783161057331
18210230258411061963
14860611498177092020
1454422450099609279
14626721235089860198
4399068404678638113
7922639493737888825
8484935952815789680
15554337383450459804
1676394405443744777
3608211310226567958
12094627359305777343
18338575400022718380
3723509745906533474
7168290512617838517
8344354447292819512
11360511133504939611
2352208943789388275
11749991481651558028
16306775093959566916
5283767635389428132
17222774316210965388
4915016510766180561
7933465642190037686
9278428589159885023
18016698848673089801
4013281043613650103
18434434376664360389
6099125203274677806
3946543007165569150
1472607481144327388
3645260934118309797
13421369925636234898
2501496720515181065
16883824168163366285
5023504292375279951
6242960569531562884
2830293396188406203
15196923949717728702
3922209399394023174
6931301926114302635
488618761108073309
10566121839616867083
13521733457955750077
313771373489439837
15746807385855235017
18149049496903631139
10579179406414091921
8419934304620294436
4098043921640525096
14070488417750222355
4245492068919991625
4237020832930253266
8382011159835784549
1756156106939531463
1750255389450145335
6162160484507037149
10688913322245917732
6747477015596341711
10761250749222214993
551815480451143489
16652988148086082343
4010813917887698474
540332242112354824
2850688172238321003
1318722923399979430
14256009562418236590
2980160918574594938
7095245850811407563
9011819480336517664
2995504044252260095
16217768474586807272
12497535287601808023
2414520283027090522
18359467987777971053
7636989855260406746
13141657507598848269
14535561385166092400
12433365026750285147
1510474124832045394
14942411585951404947
6905621035595161365
6712326940873689481
7719907096034299825
15249921752490499175
10523652308415561517
3713043443963599507
16802505886871058534
4288905185604697711
16160755737757123043
12898608689862142550
207159070494843067
3379848464448117830
11761137131794491462
12401831562277833649
11764136196922494276
6179520279495194912
238452410291237900
14414338365457603435
11175624761737444122
4461416551412171403
6279519368235445128
8443439670213849337
11307529114770757476
3471921726091465081
12535381054514942842
9068660896964548104
14040240144592995326
2480775386772025795
372485756489291899
3377445209174782119
9911821326673913213
15669809621775579131
9312646140713268432
2869860392853466909
3951327555680862404
17965997648260415188
1058659678309159838
4574366430382659043
16801950239613608319
6967145847423353855
10664877654860289430
5181364094416490295
12836780376033420667
12018596639911834513
18175427540830456604
5435473348021556757
6738270775846776215
1524691409825547094
10019533336146030427
862849885087218504
12080520713395039295
1971221574356792982
1630165321929063770
9465863180305864916
18148355762606689569
8480468174705663905
2088206179994977526
8394753450931380239
6518193564067414543
10378131774384973463
794832552774688384
13974997191724777800
5119794497054713551
7857317556868980841
3037271245297847386
9661611070501676129
17548091596222441290
10289111605815657061
2516834071287975282
3248954330029931289
139225397814633113
10210935658095410023
3184025412086435634
12454146573987582029
6139806778704332628
1082541271944162161
16322182365932545875
13648771030583507062
12484735422830068307
17499542550205282199
10569031157062555489
15819851314091117696
15758935577887053097
12134025364786193415
11437146369172009827
18366097862402039103
3054949712823617193
1073457246154907627
13447290936000811360
9253544072062510070
6237716023354983733
10862457418106191873
17131839696658417679
2873722076108048289
7137817543696136153
8070833043431507369
1743683996647378767
11581630752792552691
2671026602547630821
15570707258758750458
12364858673428677185
16425613697743703390
6922533941971294467
3961202968565862691
10121960315386763681
316872493951622051
9700303835772634208
13879311925410572907
15161726088801832713
8121209403093311381
17205299688216999320
4391890820326690560
9267128033772067964
9166983526148714915
17526656009765181085
10469068114203436055
9682926305197679787
2614918008335212207
12718436337573348612
7964406163050600381
16325867295404038777
4126581018732406389
2788032724034621184
6808535811296121455
1305569792546413998
2387973019396036236
13377152916813229023
2155362309602482356
844255851782217015
7775837681892142079
5132988355265326051
5064545388990846772
3622072184117432014
15855154833950235525
6433242692778133198
16707804363488947942
12188895056642419914
11934043942362802579
1299447993434252612
16913022859665256492
13798431943760437258
2836825081447538855
12739273937090149326
3645528143241157835
4569088183905942037
12172874750747552494
1778888215815931826
7196379855558849337
15150171072827100484
9571969484469796136
17709405788889408754
10635068589698090120
12116600151826531056
5024139682930122047
6007365761274415098
1512233062425359330
16831112569381750676
16045058531756106748
7390274886006500910
9703957840884908445
626361002040610603
4901132268778705591
3452495890004810386
3687453182366602408
6163976177654644729
15495494481719563375
15131916858666621959
6695547761803355602
11202077385270261235
10227845888236018669
11376788974158718288
16536592467810780487
10002857309143297914
9577153581803746190
13825022101602530439
10665891965720611543
3537229018534967023
8740990381837432430
6363618688813478131
12446207353215694612
13420787884657719085
14142622584305365212
3193167057426664809
11853418084567290655
15934380429164469103
9237168029403486676
7201063917333518739
5276234723841957192
14208177440363154685
15113624956092079532
14419130348276742338
17190583198552579639
11032073258001250605
4062459791244355330
14797695176815518656
14552578987382152686
17119735673775755048
13594701745422675178
9636418234449273975
14023410553063706390
12495826090404457082
17882774273280404979
9139307165900209864
953477874927178199
7102286066797041417
8641371955225280867
14950026396110307555
1401783469351555665
9094923336279111635
17543132365752257392
13813501419768784792
17257986387243503172
13356704880384421369
1635514716656791221
14878554704067978289
18340501385236134601
8522077625359648262
2967020131613930190
16635974294090452713
9183795536314692354
16312763862774556922
3919762379150482046
13604699899385337753
2348645515820120278
4804043290705098379
4305462415677248209
11856229298899064946
2335969582022465507
6250382566121501162
14219224312637243697
11816595099752131683
5251103878912732723
7896360533312683742
16126913798674179651
10563777807627786052
2501234992148624454
15228489323371289034
18269262226127277662
10050676173924358651
13172943981161760789
11182283020067216372
14416586020404263544
13837572278829306475
8219800508370607109
10154988520800306787
8129582200071481034
2422813573992130382
10854885034172210060
2791617675195322722
3340461472446215778
4664329275279420992
942787321064682945
11398862289765798892
11783235900129647659
1333994942735945087
8056112643187782161
315961115728153655
13279110348029969229
9997220559937638802
16489310250575411221
6143025695898785263
14823247416221339872
11456929326462961129
13239981964527431012
10301380622150540791
4254621426459586438
4602165825827762816
3806575607920774182
7423599473132246525
17175723779830345664
6666205078758852607
14440640319089841722
12691002810626364334
8610515081883720958
11492817796862148030
2306410676093935203
7068177724303709340
349394712558575080
5841531684279124133
1200390357308159867
10369924100485028519
13570154387659627955
3031492541591146607
16186459047088159820
11962853205277011052
16795361073628506407
5194562798253619265
16988154234420955384
12897181148262611850
2833549901879977908
2858861309237367321
14952643763634551947
7218689177537318182
13003701006493466023
13654989183796819392
11350383330167186046
4303318769474812862
15512464590304083449
14678925682115290216
6622785936964687750
12915311950808654305
1309719674689453750
2220662008902934725
559797600920340352
8915854786135840987
4776676858245210716
18335044075611384066
15428081617967869908
5831624949095606761
8141528352709864637
17141809270512044932
2216861033856621692
8550396287978844071
13648405015608914545
16710558453554970127
4941785229767192837
8434039141497851664
13715250830507173832
9738796424823067514
15455067987437528202
7081191129923613348
1012184234070886956
16991410992268953734
1491840695298038828
8022183649913130249
6585732945478008301
15365587369769077494
7608859322404937508
18401633226591272129
5002113277050591173
13733996507152966439
5099116106516279942
4876611211589918040
6089379332488119773
13586959764724543176
10346165092442051400
11976380495997056195
14157246000879471137
12995381476496553063
11605498662440542427
1789488717202740674
8292628116371070488
15701288841076028043
5976135262348639710
13175852067435691550
13328614510682124811
13187657359367930922
4361298731157487469
424497758729655452
980522090519100284
5773460847978187275
16886781604221983608
6223962706881857382
13974689310208750949
17737098815906118937
14556661884801909625
3960445207345446435
13317401214291135888
14500237143286165242
599665526658666433
293261996470740394
9305430643677648363
4740515319441033194
6775344824820194592
15612509412813711081
8746217349804757240
12975393967934115387
5852087181528641667
10592925952395519690
1498602357735179215
18261690809134779946
2716604109727832910
8633393143817686065
2079813014804897131
9786555232757702679
15154630619081376994
17498938711706068394
3641333970259745807
3525481879973084593
13259669715118301662
4075052892659555680
15878134114252998637
5805250945834028138
12689885699010005758
18147198944302863208
9687901985600057314
4161671350818346161
2058745883748615002
9201280591293687653
9208784533885730286
7945498969430517455
5428712480751438672
16038337211690296460
7096367302640051065
6055253867079562927
11590149522569460321
12195461223763300264
10056921521085823115
9056148347221020194
9093400647620304795
15483559705583333375
4123186673201801095
2680921907362043590
9633140987295496206
11834422689378018859
4716533950880205516
8398587253370045400
8592653105265255238
8807656446769294052
2527313387975864634
14170572329140485421
15439710544838135050
6161418151634787866
14191677569045947643
16170907182589596175
1894835103121982321
5445834365633945770
16108866375505915994
8259652031631457249
13413012741997617112
6173025199689463658
14536241754792204598
11579408973815464586
5190066719692320171
9883347447703391939
4556219189585287672
8654587757197470283
11925447435719118942
9919221612902886930
16444959690346485415
13639276426643770491
7080808875024512454
9713149161798990829
5545030889187978616
10489527906880109634
11354084959040350483
11886421183566687197
1747338112082715298
5181382363814569673
3259673380436933607
8841104557346703519
17499233552049441381
7017282970449137470
7397506273721591313
14616843638093789234
9732193571157725188
11062746935792770070
11605276496542760038
11891309377501991195
15416834557815059922
1558012705663698735
9389904250992125089
14397418764622940957
16989912372737742244
5196168477557990034
18167968132867945248
18317818513892395859
11727522707862151831
8844884101076829789
15727369949567809741
2053645964825940315
16053422881519635428
1487117936950548149
16674178827753749820
6948654302450380154
3171702218963279716
15621551655289031565
6293046632514290736
1713058888831967336
12739209532948271723
13866472797967201119
7496694196076917407
10684224363305559835
15154940042314470747
16963602985305293534
17124009323119827412
5588211245383046800
17340792383635718777
571390476020898920
18260952556185204625
6601834753365830620
18043952272627019026
9841847070676505799
14922296141353392968
9602357122259396064
14520657609456627319
15943567327553691217
836394196492029014
10117868658957658419
3967321104803044222
13367938601550361098
11999209293589008973
12028463010384961506
2848710698576904239
4954780666256116808
13237432710609766374
14973949238348941508
12849930855416214722
14588553110436671740
11646377449510241311
6056304102549341484
2574665613788508432
4639911258335753989
16900441389320751381
8034783660283368748
16575565927354672898
15542223289799784854
15365327092145375862
3926650063614509743
10025866837091254525
10371608290447754181
1625241916165866149
14333613106615633276
3367946272587388742
14555791795843405255
10475359203338569020
16226290626688691887
11790402756300946676
12965056851425860952
11057593965590991890
6682919004261947314
13658248209860984614
14993102758378217360
1971759999626365453
8585840362292370904
16044849192547544369
18026381984800137228
16970629627177605371
12379751674629551396
14689627350320750163
8560547073338468406
2635322038284699565
6854423107896252007
5567346014137726367
7890499276533817581
123666482355248038
12253948415950894193
16926673285925215029
601449682159405693
2354774243354728105
922315228167218480
13121501913766839091
10425381775618812927
12735440808022931883
7142032443506307951
5373976963424554999
6446693097079032406
5074398309863932382
11931768149651275468
3663869312934141555
13276369337373580204
13343418203743262739
14704755007060772781
2425076982306884807
6711313594137744122
3602798561770583903
4433513662671535654
9918317922051765841
5157360009273323136
5409400529413021229
16169236522244670771
2919341791420593790
8719648594521595286
16268428336963972146
3232123013729254047
14181789721742034712
5716372086310443420
12689818757906953255
7589220318023510876
1129218724639811382
17674423087373192645
10794423123701258620
9739540397645896689
13387044135533521818
12438244277840311547
11421394820563909073
2372692912190556258
8389909339670940683
11103014274569578761
14257717357121577175
10699753127944433938
8991640378467437677
2859534612099209224
11726822017113457388
1906634735523731149
15812307898905047580
2772737341810152720
7071376389709172584
13148039805090845022
10987948849048373543
13928390748785425803
11547367992687391286
6437079657807788156
985405210531020859
3423548280206442815
13507230068744783263
14338127388967310915
14587164377291779924
14542211536665949197
991928838614774931
14739129620435712380
5429777617685089162
16395587100449621549
9107507494437499474
15899760562925510572
5845043828781656804
6948796368732772415
10996638718598689525
12368003274287493299
13673485737422298775
613690822293421172
3296371238515535478
6132551216569612658
18175192137523804443
6140263889301017339
18052272907843875263
14426278829840920904
4341103270909352666
437539170316728251
13208132209487784475
10666416034412154514
13837855373697040296
14909575923590777515
794354650480850784
1186124685433641418
5358515814654116891
7636461005562656585
13247695222978712638
8504676665714482526
7334715179282362582
8702483552297779933
6045657561852279366
5710738029192084202
12538625410769065546
16347001491908856653
13630960842020132869
9446944479339492512
17722755525875872534
3219428730082674023
15012982940294298005
18379264481321987301
758475248386915695
304530898851126396
17395529673121406983
14554662289228826301
4292154675553435642
17627553469776590990
4196321081021322896
1713387890154520389
14898798387341682304
1780125679829682947
8772624479655669578
6294441102483369983
9265697446458736718
13816316792863713326
14961011566314831996
18222055745974244133
6315424196491947298
10094174254436983564
4221379728995209137
3707606369679750578
6038726570838135430
16555163784236218961
17270346654344342018
2651861945338389949
2174126407524337168
2877342561457060412
14219730281593183798
11432392500296039333
12585668935700709030
5437671139063155485
292065162885268478
14923612127588403753
12116576661605198684
14419765824348144576
3921890193379508615
16629772325822325252
13323862802527218601
6021325917034513421
9426789484037431073
7992507812150770183
8819210191031062634
9298871095158628696
3814145707879022607
13097881754538509598
4345976712595334962
16390116739271571586
18252641987410393361
14908195949023289496
1966655564897469976
18376565902965863638
8018707140027845601
281456358558009796
15151156508538139365
1711700345918803194
9668938615137432503
7173315811924055972
11634243716027417761
10427083293234593843
15131069249546481324
7972382597514614024
13304848113064112224
14974150895257856103
1122939037632909871
13063750403835062610
5923699387170260593
17597942862994481152
128732875727715607
7998284397520791000
15392286576040272374
2642757766813408295
3145416490215898727
1987683532352884747
2710319696606729593
16391860939213431751
16571309278011418389
4976436105169559485
10034067445748664922
234059977787745729
9219500778119137343
6078660344983948291
16019119099830400661
8488373692501272040
7059277774519798778
16983529573477252616
8942861683892386246
5474867325713874818
2210876825288442077
6503055045198713748
16972493029506779706
15509870276393270770
5873013066844991925
13291941336709376035
11337366680785282324
10910290822137906466
14651910544009283291
3976336803554616830
11255319375532419037
2564071481794318545
1832182391179054500
9891815046268591342
8935458465003324011
4932733436202586555
5924211060719376072
6931837137349097524
1491883001636844338
17664968040707112381
13640924539527659036
3095575032014597340
17626938243871194384
2045528450402505581
15010587738537698374
4931712218448480067
2291157557156343807
7265128052256835013
6294510347689869515
12362910842071219675
8548655582318959449
6821496785318332122
779600883547801470
12210477237254079953
7050811273346363415
3245700068533090053
9450278737952799377
13288341854597340877
16007292393797428925
8451856723280045328
10669684519530513399
11295568372801062263
16600687303082995915
4034244969011457758
590609610047383292
13761487326683502140
5990280805591254532
7276652108167076978
4381657588926676255
7342348380355596839
10681321229961254397
871968524222428408
8494542427102654312
13158791990803619212
15587524966884615190
6787343976366864339
15748314832034455960
734755025291480086
4942259205439709486
17457769790843314402
15490471358236687257
3521837995944079167
638592291484446111
8342606571573961961
10747750438293226337
5155082753382512760
256976550983364335
11905489443939905973
17872397063977154721
3896165685850031620
6870877026701865848
12741818591110489098
2128763978753856233
6363792633957333775
6102406725364610363
5082507365962073624
2273402471600684366
110478820072337650
2847842952596057568
208523314721307251
11514441611239054635
12803091702878493119
3655477191038544959
16353600109722177854
6545941666381431171
1601269844435490722
2824496238345071932
3329822177173230665
8558515521502681937
2796303606958079623
15551740926069058468
14182014700048418067
14990408498435414548
12194851741037925069
13037392939484123747
17023048071053310718
6010993608225769477
16274924833661747641
12961457889468273921
13272741298610132535
1487913227362873799
9004384506062893483
12327751355803097267
10314321640351115343
17783921907088804765
7330919767115042127
12799087217492666686
9940612997200590959
6392595448729489829
5919540555455833339
15785474474906985272
15531263792755772188
17380292812612680499
3477887179757864888
6969532415914003887
18055199771302675753
6953902646082131073
11037981089361676713
17587159654295021022
9935847810282855717
1801508928717259214
14971613666850564830
704044451978336656
5783673258692376833
15451201232885001841
10252554512704470389
1607357990314666732
16548341939788118630
15500193570934934594
10456997463856947864
7356102817126060814
16562040030628466568
5492375401166230505
7224216612061379571
8627123530601218586
7646001729894249329
3397010005938083791
2951135832513524476
17982126315880428956
3106147327799548550
8838492925740625643
3748415928042463498
17941632663983112783
11079798118108190536
6456520490209461671
4895511254453820692
16479875566721104963
6946877524959267283
2757302778766831555
10554713740174482748
2352132880745851565
1383118929299349175
18072430624236273510
5286212840794343156
14443032628605094702
15487323551431902588
2789618620973253782
5198235104191138580
14798510806178708424
955651728938824978
9480770627550141091
4965061592814768784
6483136380114832971
3254085073892759549
15945776605264115943
7152326757434321574
16438285655651864330
8285636829975796102
12008145744979344672
1645432198525790143
1973423457769908665
5189061985120122686
16972287448317047678
14020222200978570931
12191336545215860038
14431579936212781017
11603824453965310156
12734350560797123924
1386938311414605414
14691255220009637240
12037739669043454067
6841639978187860988
9448213402654494287
17767536243523953501
427236841121292417
1460285783985193965
10442107718440817389
12284420653294859298
7921940656007939821
11648834116765847477
8294589552446502207
1932321217972747772
5643887321581221832
16886223431596101380
6314845693546714138
8834631951060008021
8564190313767762378
1019529912117332582
11332362699691184030
13798272093433749874
15120034865594314940
18278135624428194412
9888106293208902081
2911010540686852291
705848546646231463
8802201015002154149
3434205471367774146
6030536823810278192
13699221893799662907
18186544163671306749
520931612841529698
359040412850573257
5459317542824301753
4310870654235803774
5911782673482575785
536953393734570268
17283140311118737604
17130216723230403810
5238032142268381116
16599969423716723546
15409715342027012343
18063365392282259994
8140556844428939755
3177487088296073604
4552543430752516074
7324505609640676319
5769823354424688601
8310229436544301302
8673200979951711396
13060263791172636498
6908869340515691785
5998609647456087593
10138790301483417898
1404635959218522513
1059771001800483677
3908572349586531623
12182927415056370342
16265791999469044497
10400394478151602500
14495686920293918906
14477989992360675296
5068210442123668780
7173609657086289525
2336038029627968301
9610820878940041420
6435633044187809786
7233215819910007984
9066367623755126209
11046989890546307478
12288818766616261082
15548778028033024433
16111919894717915824
297112387286042166
8648544695662883844
6836633698655872827
11616249979830222974
18436175076574507768
8535975259226417085
11731261898899691522
9517379481823205127
4430402074790458375
16765042672464316427
741961108895674199
9185365304830483571
5315061431972649116
7560600158555659250
9704363757092593848
7996984115664175963
3210903558433520834
281897116772897948
16338904234857883188
17078617637427998427
7560231206319580435
3652769790460174525
17228227679136824263
17245325111582194440
14846745929571635318
15699941148486904611
9652472312722583880
11290385998673601029
18251773138816439191
16289425858759877478
15047203339718068740
6059421668328986605
11078470252233207714
3416008905927014394
6081179432653493070
6392408959598286518
4219745778665735245
13651252026663501106
2451973544063773845
687618086328360568
11564100378748177940
17968521257543532982
5955443057467837306
11277790917083944836
14749398608705323336
9441352417353850240
6259591554140535907
10346868190264321756
5757606475932707929
9152946018810917492
14787690643852263610
12877889943692174736
2696511546045379209
16179376878342514072
8315545784982729276
14233060528480059126
6061297084097736943
5023301189516584423
10558591747091849391
15047418638541250178
9702325368263473791
5022418460212276985
4493742714254816713
13529082762191935182
5970297527309493220
9626007804520956051
15273218264299964138
1924185074737500599
2762437339196550142
7192587478560324230
13193873002400137059
670589445425122310
7515297691433769058
13373584749406127511
3352568599454455590
16983964081630864995
8095368624271995394
3811976765192046218
12126299741910122538
10336388541813160130
7899597118810097665
870848098479126976
2153042359345094137
7025661772466525538
3478903326127914987
17442583347772534344
5447196428387585747
14088194225000779980
13336242145236607759
14712607691052936124
11998668692290288421
3373097852892045295
14524816245639312441
11128678825075138314
10393228592552843271
13846956553090051791
17397885928028596314
3641220260851318212
17630040877061059442
5276961841529432182
7724802468825349742
10944906203879697413
13376776579355020870
6318663671478494970
12433343483154777709
4921231405534179392
17690580579106799312
15579271811218796007
9268962455411641992
10612892210554978913
5917614011263920673
2998042045027236725
5309578777544450357
5188494599258385110
12434173564782205358
6502048206408787886
11985867385216367092
4501035991484179710
2399816065471865204
13869442850982792587
10597794523390889687
8142500064362087670
16140895830673635014
2396401118143003086
7755573928764943718
7051583951636073830
5007496185785491847
1653572890373025341
18045819743261107274
12479119047283691114
16874675284522793354
7196220131539165460
10843077060955986925
7805923710550228396
11991596470832026330
5837863667003023643
3482445957878167438
15233703720217771501
7804607226660291620
11309708585963653961
17717245642488294757
10907622515778037325
12503177201133506862
5597122110774161612
18270673384139085559
18355505608323504641
6165412326213369495
8163467494872863961
7815764308321496293
13125887321252095647
11632817272646522600
5216752313808213634
10627810658096757192
12450690928615634104
2482373553904900702
2319299256978888315
700833255862328033
2536571619762047654
3234710994861243081
15901659225607862509
4568438389418280518
12550483622944301096
7968298039258490998
4357736207550241874
10939503962956463804
5631817043636872185
106678494391300338
13112684241648789095
15520242422085744065
7280360519079954535
8964855922470996016
14802085928448125867
18282197522270336090
971665038908851424
15489733129130207994
6192718649454886658
4758919957238682900
3765654301827410152
1788233942717231692
7057179694143230748
567782051579421274
16744949143734765376
5862102946193068646
10117559010641234513
7009690690330849832
17776680628643136525
6970302152251493497
3137805302601544707
6570220112900304783
12178215561962749974
5374575547475380552
1586567066610752784
4176682745553809981
5943321222906173663
7205187266659603524
5954361979270580964
641895906144292116
13454898764229198292
9183619671796128096
2113111519660609147
7806065713937760666
15917346432559011700
17500229606109083585
208664850579713776
4640549639143018851
17658005964364629472
3063233364319161804
1543611119449952713
14040135322454862428
10804429396306984670
17347709938364162086
8553476047582013656
12181941928833681506
1195405804246588974
8886758301472668138
10478193183974465975
12874229877868244994
13864520060605781675
12133054271739076502
10087228640154506756
6525629102805167143
522064609208638697
6351331001813296049
4287562950876985638
2571985994578262541
3021591232071758011
4782834001287011115
6678753136168006978
9858835250152956765
14852995704513623647
17480000000000000000
